id,family,campaign,method,traj,step,moved,sign,status,file,fine_size_x,mass_scale,force_source,n_window,Fn_half_N,Fn_cv_pct,Ft_half_N,scof,contact_radius_mm,H_MPa,residual_depth_mm,residual_rel_pct,pile_up_mm,pile_up_max_mm,pile_up_ratio,profile_method,profile_n_fail_flags,profile_n_warn_flags,AE_over_IE_pct,KE_over_IE_pct,PW_over_IE_pct,MW_over_IE_pct,ETOTAL_drift_pct,wallclock_s,family_resolved,q_quasi_static,q_hourglass,q_energy_total,q_artificial_energy,q_force_magnitude,q_strain_level,q_friction_physics,q_steady_state,q_settling,q_recovery,parse_error,u_X,u_h,u_q,u_s,u_eps_soft,u_beta,u_K,u_mu_eff,u_phi,g_X,g_h,g_q,g_s,g_eps_soft,g_beta,g_K,g_mu_eff,g_phi,p_E,p_E_star,p_Q,p_X,p_alpha,p_attack_angle_deg,p_b,p_dilation_angle,p_eps_max,p_eps_soft,p_flow_stress_ratio,p_friction_angle,p_h,p_mu_eff,p_n_points,p_nu,p_p_ref_MPa,p_phi,p_rho,p_sigma_y0,p_soft_drop,p_tau0
00001,glassy_pc,CDP_drucker_prager_unified,morris,0,0,,0,WARN,Design_00001_Results.csv,0.015,5000.0,RF2,11,1.765403682535345,2.722795438549395,0.5697149688547308,0.3227108759830768,0.12287187078897964,148.88440354954705,0.001045116689056158,2.612791722640395,0.008280699141323566,nan,7.923229270027103,at_final_position,0,0,0.9995454265696526,0.016655564746209724,3.8098609925642686,0.0,11.250029347628447,631.0,1,PASS,PASS,PASS,WARN,PASS,PASS,PASS,SKIP,PASS,WARN,,0.3333333333,0.3333333333,0,0.6666666667,0,1,0.6666666667,0.3333333333,0.6666666667,11.44714243,0.15,0,0.2333333333,0.02,35,0.926,0.1833333333,0.6666666667,840.5670336,991.3516141,0,11.44714243,0.1222222222,30,8,0,2.5,0.02,0.926,35,0.15,0.1833333333,60,0.39,140,0.6666666667,1.1e-09,50,11.66666667,8.555555556
00002,glassy_pc,CDP_drucker_prager_unified,morris,0,1,h,1,WARN,Design_00002_Results.csv,0.015,5000.0,RF2,11,1.7849628925323486,2.6502778663977695,0.5625273585319519,0.31514792878068604,0.12287187078897964,150.5339193759342,0.0012822537682950497,3.205634420737624,0.0076652453280985355,nan,5.9779472032986405,at_final_position,0,0,0.9863705735060935,0.01628436906953539,3.965506814891442,0.0,11.588749649720272,617.0,1,PASS,PASS,PASS,WARN,PASS,PASS,PASS,SKIP,PASS,WARN,,0.3333333333,1,0,0.6666666667,0,1,0.6666666667,0.3333333333,0.6666666667,11.44714243,0.45,0,0.2333333333,0.02,35,0.926,0.1833333333,0.6666666667,840.5670336,991.3516141,0,11.44714243,0.1222222222,30,8,0,2.5,0.02,0.926,35,0.45,0.1833333333,60,0.39,140,0.6666666667,1.1e-09,50,11.66666667,8.555555556
00003,glassy_pc,CDP_drucker_prager_unified,morris,0,2,K,-1,WARN,Design_00003_Results.csv,0.015,5000.0,RF2,11,1.8059565262361006,2.8821971778519915,0.5834805369377136,0.3230867014023751,0.12287187078897964,152.3044065813489,5.37691630597692e-05,0.134422907649423,0.008395536802709103,nan,156.1403660565949,at_final_position,0,0,1.0023280845941775,0.01779046198840259,3.8944022199123527,0.0,10.903623347892292,650.0,1,PASS,PASS,PASS,WARN,PASS,PASS,PASS,SKIP,PASS,WARN,,0.3333333333,1,0,0.6666666667,0,1,0,0.3333333333,0.6666666667,11.44714243,0.45,0,0.2333333333,0.02,35,0.778,0.1833333333,0.6666666667,840.5670336,991.3516141,0,11.44714243,0.1222222222,30,8,0,2.5,0.02,0.778,35,0.45,0.1833333333,60,0.39,140,0.6666666667,1.1e-09,50,11.66666667,8.555555556
00004,glassy_pc,CDP_drucker_prager_unified,morris,0,3,mu_eff,1,FAIL,Design_00004_Results.csv,0.015,5000.0,RF2,11,1.8513543714176526,3.396158595404554,1.495905724438754,0.8080061535130532,0.12287187078897964,156.1330102991021,0.0012978980084881186,3.2447450212202966,0.018570007756352425,nan,14.307755798149389,at_final_position,0,0,3.5282939995683438,0.08993808665285798,11.059897092857106,0.0,3.104167309011807,2537.0,1,FAIL,PASS,PASS,FAIL,PASS,PASS,PASS,SKIP,PASS,WARN,,0.3333333333,1,0,0.6666666667,0,1,0,1,0.6666666667,11.44714243,0.45,0,0.2333333333,0.02,35,0.778,0.45,0.6666666667,840.5670336,991.3516141,0,11.44714243,0.3,30,8,0,2.5,0.02,0.778,35,0.45,0.45,60,0.39,140,0.6666666667,1.1e-09,50,11.66666667,21
00005,glassy_pc,CDP_drucker_prager_unified,morris,0,4,phi,-1,FAIL,Design_00005_Results.csv,0.015,5000.0,RF2,11,1.8938802805813877,2.0554992973287596,1.5118125893852927,0.7982619624304832,0.12287187078897964,159.71941078295754,0.0012359792599454522,3.0899481498636305,0.01669156923890114,nan,13.504732465848813,at_final_position,0,0,3.6826606178576555,0.09644181900616243,10.029568667074352,0.0,2.861414451783015,1902.0,1,FAIL,PASS,FAIL,FAIL,PASS,PASS,PASS,SKIP,PASS,WARN,,0.3333333333,1,0,0.6666666667,0,1,0,1,0,11.44714243,0.45,0,0.2333333333,0.02,35,0.778,0.45,0,840.5670336,991.3516141,0,11.44714243,0,30,8,0,2.5,0.02,0.778,35,0.45,0.45,60,0.39,140,0,1.1e-09,50,11.66666667,63
00006,glassy_pc,CDP_drucker_prager_unified,morris,0,5,X,1,FAIL,Design_00006_Results.csv,0.015,5000.0,RF2,11,3.858451388098977,3.6096977367877576,2.8853362040086226,0.7477964379461058,0.12287187078897964,325.4004957761477,0.006237511057406664,15.59377764351666,0.04354069009423256,nan,6.9804589833200605,at_final_position,1,0,5.64593551581401,0.02190125891660003,4.0041797633814,0.0,1.274992074365412,2386.0,1,PASS,WARN,PASS,WARN,WARN,PASS,PASS,SKIP,PASS,FAIL,,1,1,0,0.6666666667,0,1,0,1,0,60,0.45,0,0.2333333333,0.02,35,0.778,0.45,0,4405.817639,5196.152423,0,60,0,30,8,0,2.5,0.02,0.778,35,0.45,0.45,60,0.39,140,0,1.1e-09,50,11.66666667,63
00007,glassy_pc,CDP_drucker_prager_unified,morris,0,6,s,-1,WARN,Design_00007_Results.csv,0.015,5000.0,RF2,11,4.401454036886042,3.6376060095080875,2.8416752381758257,0.6456219272907062,0.12287187078897964,371.19434241318606,0.005629707593470812,14.07426898367703,0.031178399920463562,nan,5.538191709392413,at_final_position,0,0,4.170493453417742,0.02476080370232974,4.059880934152717,0.0,1.315267838895964,2265.0,1,PASS,PASS,PASS,WARN,WARN,PASS,PASS,SKIP,PASS,PASS,,1,1,0,0,0,1,0,1,0,60,0.45,0,0,0.02,35,0.778,0.45,0,4405.817639,5196.152423,0,60,0,30,8,0,2.5,0.02,0.778,35,0.45,0.45,60,0.39,140,0,1.1e-09,50,0,63
00008,glassy_pc,CDP_drucker_prager_unified,morris,0,7,q,1,WARN,Design_00008_Results.csv,0.015,5000.0,RF2,11,4.711704687638716,3.122671061737009,2.7951596433466133,0.5932374434840515,0.12287187078897964,397.3591700642952,0.005554379895329475,13.885949738323689,0.021275673061609268,nan,3.8304317426143997,at_final_position,0,0,3.2007770989592044,0.017188313576984016,3.8750307558954833,0.0,1.349621461262849,2010.0,1,PASS,PASS,PASS,WARN,WARN,PASS,PASS,SKIP,PASS,PASS,,1,1,0.6666666667,0,0,1,0,1,0,60,0.45,0.2333333333,0,0.02,35,0.778,0.45,0,4405.817639,5196.152423,11.66666667,60,0,30,8,0,2.5,0.02,0.778,35,0.45,0.45,60,0.39,140,0,1.1e-09,50,0,63
00009,glassy_pc,CDP_drucker_prager_unified,morris,0,8,beta,-1,WARN,Design_00009_Results.csv,0.015,5000.0,RF2,11,4.320415821942416,3.404218858804484,2.869552265514027,0.6641842784993562,0.12287187078897964,364.3600266043086,0.0058565991930663586,14.641497982665896,0.028908725827932358,nan,4.936094288671396,at_final_position,0,0,3.9644806369874983,0.014079722206709291,3.574190038466756,0.0,1.3215173707042787,2103.0,1,PASS,PASS,PASS,WARN,WARN,PASS,PASS,SKIP,PASS,PASS,,1,1,0.6666666667,0,0,0.3333333333,0,1,0,60,0.45,0.2333333333,0,0.02,12.33333333,0.778,0.45,0,4405.817639,5196.152423,11.66666667,60,0,30,8,0,2.5,0.02,0.778,12.33333333,0.45,0.45,60,0.39,140,0,1.1e-09,50,0,63
00010,glassy_pc,CDP_drucker_prager_unified,morris,0,9,eps_soft,1,WARN,Design_00010_Results.csv,0.015,5000.0,RF2,11,4.320415821942416,3.404218858804484,2.869552265514027,0.6641842784993562,0.12287187078897964,364.3600266043086,0.0058565991930663586,14.641497982665896,0.028908725827932358,nan,4.936094288671396,at_final_position,0,0,3.9644806369874983,0.014079722206709291,3.574190038466756,0.0,1.3215173707042787,1813.0,1,PASS,PASS,PASS,WARN,WARN,PASS,PASS,SKIP,PASS,PASS,,1,1,0.6666666667,0,0.6666666667,0.3333333333,0,1,0,60,0.45,0.2333333333,0,0.08666666667,12.33333333,0.778,0.45,0,4405.817639,5196.152423,11.66666667,60,0,30,8,0,2.5,0.08666666667,0.778,12.33333333,0.45,0.45,60,0.39,140,0,1.1e-09,50,0,63
00011,glassy_pc,CDP_drucker_prager_unified,morris,1,0,,0,FAIL,Design_00011_Results.csv,0.015,5000.0,RF2,11,0.9669128439643166,4.484720859163758,0.48111535202373157,0.49757882008389875,0.12287187078897964,81.54409299253366,0.0002044260618276894,0.5110651545692235,0.012184259481728077,nan,59.60228051547645,at_final_position,0,0,2.94047781176374,0.1198735574425424,12.398949847983058,0.0,15.163680156174383,692.0,1,FAIL,PASS,PASS,WARN,PASS,PASS,PASS,SKIP,PASS,WARN,,0,0.6666666667,0.3333333333,1,0.3333333333,0,0.3333333333,0.3333333333,0,5,0.3,0.1166666667,0.35,0.05333333333,1,0.852,0.1833333333,0,367.1514699,433.0127019,5.833333333,5,0,30,8,0,2.5,0.05333333333,0.852,1,0.3,0.1833333333,60,0.39,140,0,1.1e-09,50,17.5,25.66666667
00019,glassy_pc,CDP_drucker_prager_unified,morris,1,8,s,-1,FAIL,Design_00019_Results.csv,0.015,5000.0,RF2,11,0.9777583913369612,4.2461595248518265,0.586006148294969,0.5993363529140154,0.12287187078897964,82.4587466027638,3.187068796250969e-05,0.07967671990627423,0.006656692363321781,nan,208.86566274164585,at_final_position,0,0,5.052956731629861,0.11335206036696233,55.815407633154344,0.0,22.48316433020682,914.0,1,FAIL,PASS,PASS,FAIL,PASS,PASS,PASS,SKIP,PASS,WARN,,0,0,1,0.3333333333,1,0.6666666667,1,1,0.6666666667,5,0,0.35,0.1166666667,0.12,23.66666667,1,0.45,0.6666666667,367.1514699,433.0127019,17.5,5,0.3,30,8,0,2.5,0.12,1,23.66666667,0,0.45,60,0.39,140,0.6666666667,1.1e-09,50,5.833333333,21
00020,glassy_pc,CDP_drucker_prager_unified,morris,1,9,X,1,FAIL,Design_00020_Results.csv,0.015,5000.0,RF2,11,2.1171079115434126,5.922982700630146,1.7310674082149158,0.8176566715264572,0.12287187078897964,178.54519721375823,0.0018842752324417233,4.710688081104308,0.022224638611078262,nan,11.794794215003632,at_final_position,0,0,7.050709524058482,0.048918545243856255,8.26487098761059,0.0,2.4545213423339507,3019.0,1,PASS,WARN,FAIL,WARN,PASS,PASS,PASS,SKIP,PASS,WARN,,0.6666666667,0,1,0.3333333333,1,0.6666666667,1,1,0.6666666667,26.20741394,0,0.35,0.1166666667,0.12,23.66666667,1,0.45,0.6666666667,1924.41811,2269.628624,17.5,26.20741394,0.3,30,8,0,2.5,0.12,1,23.66666667,0,0.45,60,0.39,140,0.6666666667,1.1e-09,50,5.833333333,21
00021,glassy_pc,CDP_drucker_prager_unified,morris,2,0,,0,WARN,Design_00021_Results.csv,0.015,5000.0,RF2,11,2.7862899736924605,2.9938369947978556,0.6748559962619435,0.24220594505015125,0.12287187078897964,234.9803192058198,0.003238107543438673,8.095268858596683,0.016926122829318047,nan,5.227165127240813,at_final_position,0,0,1.4863390206645506,0.01614448964869173,2.812570483758032,0.0,4.327219977684649,1100.0,1,PASS,PASS,PASS,WARN,PASS,PASS,WARN,SKIP,PASS,PASS,,0.6666666667,0,1,0,0.3333333333,0,0.6666666667,0,0.6666666667,26.20741394,0,0.35,0,0.05333333333,1,0.926,0.05,0.6666666667,1924.41811,2269.628624,17.5,26.20741394,0.03333333333,30,8,0,2.5,0.05333333333,0.926,1,0,0.05,60,0.39,140,0.6666666667,1.1e-09,50,0,2.333333333
00022,glassy_pc,CDP_drucker_prager_unified,morris,2,1,phi,-1,WARN,Design_00022_Results.csv,0.015,5000.0,RF2,11,2.769353671507402,2.9367674214244075,0.6653708707202565,0.24026215126148365,0.12287187078897964,233.5520049488018,0.003774092299863696,9.43523074965924,0.01675421930849552,nan,4.439271214723766,at_final_position,0,0,1.4816970273145456,0.019390734359879022,2.822883326704133,0.0,4.344683774873401,1185.0,1,PASS,PASS,PASS,WARN,PASS,PASS,PASS,SKIP,PASS,PASS,,0.6666666667,0,1,0,0.3333333333,0,0.6666666667,0,0,26.20741394,0,0.35,0,0.05333333333,1,0.926,0.05,0,1924.41811,2269.628624,17.5,26.20741394,0,30,8,0,2.5,0.05333333333,0.926,1,0,0.05,60,0.39,140,0,1.1e-09,50,0,7
00023,glassy_pc,CDP_drucker_prager_unified,morris,2,2,X,-1,WARN,Design_00023_Results.csv,0.015,5000.0,RF2,11,0.9921766302802346,3.194433358209593,0.03772143240679394,0.03801886806801702,0.12287187078897964,83.67470130283628,0.00037942652124911547,0.9485663031227887,0.0001739833824103698,nan,0.45854301865245645,at_final_position,0,0,1.4533109261037669,0.08974047930562576,21.808262189961383,0.0,124.99392443262226,398.0,1,PASS,PASS,PASS,WARN,PASS,PASS,WARN,SKIP,PASS,WARN,,0,0,1,0,0.3333333333,0,0.6666666667,0,0,5,0,0.35,0,0.05333333333,1,0.926,0.05,0,367.1514699,433.0127019,17.5,5,0,30,8,0,2.5,0.05333333333,0.926,1,0,0.05,60,0.39,140,0,1.1e-09,50,0,7
00024,glassy_pc,CDP_drucker_prager_unified,morris,2,3,beta,1,WARN,Design_00024_Results.csv,0.015,5000.0,RF2,11,1.0051217783581128,3.2119815789692323,0.03156865963881666,0.03140779586965543,0.12287187078897964,84.76642364912003,0.0004435238952282816,1.108809738070704,2.36671075981576e-05,nan,0.053361516375518274,at_final_position,0,0,1.6160656706485852,0.09881575225898233,24.978543461850638,0.0,140.2600893377862,392.0,1,PASS,PASS,PASS,WARN,PASS,PASS,WARN,SKIP,PASS,WARN,,0,0,1,0,0.3333333333,0.6666666667,0.6666666667,0,0,5,0,0.35,0,0.05333333333,23.66666667,0.926,0.05,0,367.1514699,433.0127019,17.5,5,0,30,8,0,2.5,0.05333333333,0.926,23.66666667,0,0.05,60,0.39,140,0,1.1e-09,50,0,7
00025,glassy_pc,CDP_drucker_prager_unified,morris,2,4,K,-1,WARN,Design_00025_Results.csv,0.015,5000.0,RF2,11,1.0051882646300576,3.203883947939543,0.03158799440345981,0.03142495342908249,0.12287187078897964,84.77203073436668,0.0004438163305167109,1.1095408262917772,3.6502646253211424e-05,nan,0.0822471904328383,at_final_position,0,0,1.6173381793110182,0.09902747853600806,24.97408246712593,0.0,140.24054211549327,333.0,1,PASS,PASS,PASS,WARN,PASS,PASS,WARN,SKIP,PASS,WARN,,0,0,1,0,0.3333333333,0.6666666667,0,0,0,5,0,0.35,0,0.05333333333,23.66666667,0.778,0.05,0,367.1514699,433.0127019,17.5,5,0,30,8,0,2.5,0.05333333333,0.778,23.66666667,0,0.05,60,0.39,140,0,1.1e-09,50,0,7
00026,glassy_pc,CDP_drucker_prager_unified,morris,2,5,mu_eff,1,FAIL,Design_00026_Results.csv,0.015,5000.0,RF2,11,1.002718286080794,3.362786418196631,0.4837803000753576,0.48246881181977075,0.12287187078897964,84.5637263750152,1.6396079445257783e-05,0.04099019861314446,0.0010750035289674997,nan,65.56466944165861,at_final_position,0,0,3.3012104737009156,0.09641952831932464,76.9274164810406,0.0,45.23558199520778,379.0,1,FAIL,PASS,PASS,FAIL,PASS,PASS,PASS,SKIP,PASS,WARN,,0,0,1,0,0.3333333333,0.6666666667,0,0.6666666667,0,5,0,0.35,0,0.05333333333,23.66666667,0.778,0.3166666667,0,367.1514699,433.0127019,17.5,5,0,30,8,0,2.5,0.05333333333,0.778,23.66666667,0,0.3166666667,60,0.39,140,0,1.1e-09,50,0,44.33333333
00027,glassy_pc,CDP_drucker_prager_unified,morris,2,6,eps_soft,1,FAIL,Design_00027_Results.csv,0.015,5000.0,RF2,11,1.002718286080794,3.362786418196631,0.4837803000753576,0.48246881181977075,0.12287187078897964,84.5637263750152,1.6396079445257783e-05,0.04099019861314446,0.0010750035289674997,nan,65.56466944165861,at_final_position,0,0,3.3012104737009156,0.09641952831932464,76.9274164810406,0.0,45.23558199520778,417.0,1,FAIL,PASS,PASS,FAIL,PASS,PASS,PASS,SKIP,PASS,WARN,,0,0,1,0,1,0.6666666667,0,0.6666666667,0,5,0,0.35,0,0.12,23.66666667,0.778,0.3166666667,0,367.1514699,433.0127019,17.5,5,0,30,8,0,2.5,0.12,0.778,23.66666667,0,0.3166666667,60,0.39,140,0,1.1e-09,50,0,44.33333333
00030,glassy_pc,CDP_drucker_prager_unified,morris,2,9,h,1,FAIL,Design_00030_Results.csv,0.015,5000.0,RF2,11,1.0138138749382712,5.279790420887121,0.6648499911481683,0.6557909766116088,0.12287187078897964,85.49946710412938,0.00012746716674882919,0.31866791687207296,0.01898413710296154,nan,148.93354568999953,at_final_position,0,0,3.9759184727698385,0.12793902182776426,21.721871375125488,0.0,11.085604667192978,780.0,1,FAIL,PASS,PASS,FAIL,PASS,PASS,PASS,SKIP,PASS,WARN,,0,0.6666666667,0.3333333333,0.6666666667,1,0.6666666667,0,0.6666666667,0,5,0.3,0.1166666667,0.2333333333,0.12,23.66666667,0.778,0.3166666667,0,367.1514699,433.0127019,5.833333333,5,0,30,8,0,2.5,0.12,0.778,23.66666667,0.3,0.3166666667,60,0.39,140,0,1.1e-09,50,11.66666667,44.33333333
00031,glassy_pc,CDP_drucker_prager_unified,morris,3,0,,0,WARN,Design_00031_Results.csv,0.015,5000.0,RF2,11,3.0000923330133613,6.713287722455892,2.046863642605868,0.6822668822829034,0.12287187078897964,253.01123024326802,0.00622280640527606,15.55701601319015,0.028546852990984917,nan,4.587456387327303,at_final_position,0,0,7.198440475994195,0.021456318911742437,4.772502688922231,0.0,1.708286503645922,2402.0,1,PASS,WARN,PASS,WARN,PASS,PASS,PASS,SKIP,PASS,PASS,,1,0.3333333333,1,0.3333333333,0.6666666667,0,1,0.6666666667,1,60,0.15,0.35,0.1166666667,0.08666666667,1,1,0.3166666667,1,4405.817639,5196.152423,17.5,60,0.3166666667,30,8,0,2.5,0.08666666667,1,1,0.15,0.3166666667,60,0.39,140,1,1.1e-09,50,5.833333333,0
00032,glassy_pc,CDP_drucker_prager_unified,morris,3,1,beta,1,WARN,Design_00032_Results.csv,0.015,5000.0,RF2,11,3.330301869999279,4.778163258330462,2.3052593794735996,0.6922073341880263,0.12287187078897964,280.85928020876713,0.0061560217291116714,15.390054322779179,0.024586062878370285,nan,3.9938232774753564,at_final_position,0,0,5.950844179659316,0.024545358417800568,5.30480435503584,0.0,1.5506145776653601,2421.0,1,PASS,WARN,PASS,WARN,PASS,PASS,WARN,SKIP,PASS,PASS,,1,0.3333333333,1,0.3333333333,0.6666666667,0.6666666667,1,0.6666666667,1,60,0.15,0.35,0.1166666667,0.08666666667,23.66666667,1,0.3166666667,1,4405.817639,5196.152423,17.5,60,0.3166666667,30,8,0,2.5,0.08666666667,1,23.66666667,0.15,0.3166666667,60,0.39,140,1,1.1e-09,50,5.833333333,0
00033,glassy_pc,CDP_drucker_prager_unified,morris,3,2,eps_soft,-1,WARN,Design_00033_Results.csv,0.015,5000.0,RF2,11,3.3349843241951684,3.9965069129570643,2.3048941655592485,0.6911259368859218,0.12287187078897964,281.254172553787,0.0063234781846404076,15.808695461601019,0.02695392072200775,nan,4.262515017048409,at_final_position,0,0,5.857578057656335,0.021078899569554835,4.987362235096751,0.0,1.557098881535078,2310.0,1,PASS,WARN,PASS,WARN,PASS,PASS,WARN,SKIP,PASS,PASS,,1,0.3333333333,1,0.3333333333,0,0.6666666667,1,0.6666666667,1,60,0.15,0.35,0.1166666667,0.02,23.66666667,1,0.3166666667,1,4405.817639,5196.152423,17.5,60,0.3166666667,30,8,0,2.5,0.02,1,23.66666667,0.15,0.3166666667,60,0.39,140,1,1.1e-09,50,5.833333333,0
00034,glassy_pc,CDP_drucker_prager_unified,morris,3,3,mu_eff,-1,WARN,Design_00034_Results.csv,0.015,5000.0,RF2,11,3.9497544548728247,3.13918232096068,1.1752784577282993,0.2975573472113828,0.12287187078897964,333.1004925379912,0.007185189053416252,17.96297263354063,0.018985074013471603,nan,2.6422511463974643,at_final_position,0,0,1.9544670623830012,0.007658186942200042,1.8510131138140273,0.0,2.3235565751997584,1633.0,1,PASS,PASS,PASS,WARN,WARN,PASS,PASS,SKIP,PASS,PASS,,1,0.3333333333,1,0.3333333333,0,0.6666666667,1,0,1,60,0.15,0.35,0.1166666667,0.02,23.66666667,1,0.05,1,4405.817639,5196.152423,17.5,60,0.05,30,8,0,2.5,0.02,1,23.66666667,0.15,0.05,60,0.39,140,1,1.1e-09,50,5.833333333,0
00035,glassy_pc,CDP_drucker_prager_unified,morris,3,4,h,1,WARN,Design_00035_Results.csv,0.015,5000.0,RF2,10,4.135626602172851,2.7362726864859424,1.2082687973976136,0.29216099847186183,0.12287187078897964,348.77592363684073,0.007976914756000042,19.942286890000105,0.017263241112232208,nan,2.164150130756658,at_final_position,0,0,1.6858087766134233,0.008752584285804605,1.7182778784033244,0.0,2.2771058848061685,1363.0,1,PASS,PASS,PASS,WARN,WARN,PASS,PASS,SKIP,PASS,PASS,,1,1,1,0.3333333333,0,0.6666666667,1,0,1,60,0.45,0.35,0.1166666667,0.02,23.66666667,1,0.05,1,4405.817639,5196.152423,17.5,60,0.05,30,8,0,2.5,0.02,1,23.66666667,0.45,0.05,60,0.39,140,1,1.1e-09,50,5.833333333,0
00036,glassy_pc,CDP_drucker_prager_unified,morris,3,5,q,-1,WARN,Design_00036_Results.csv,0.015,5000.0,RF2,11,3.8490021228790283,2.801442130618664,1.1318272352218628,0.2940573164390108,0.12287187078897964,324.6035968967746,0.007437138352543116,18.59284588135779,0.019613491371273994,nan,2.6372363188009267,at_final_position,0,0,1.9864265154792344,0.009153269388741513,1.7897536340600377,0.0,2.3724652153576677,1638.0,1,PASS,PASS,PASS,WARN,WARN,PASS,PASS,SKIP,PASS,PASS,,1,1,0.3333333333,0.3333333333,0,0.6666666667,1,0,1,60,0.45,0.1166666667,0.1166666667,0.02,23.66666667,1,0.05,1,4405.817639,5196.152423,5.833333333,60,0.05,30,8,0,2.5,0.02,1,23.66666667,0.45,0.05,60,0.39,140,1,1.1e-09,50,5.833333333,0
00037,glassy_pc,CDP_drucker_prager_unified,morris,3,6,K,-1,WARN,Design_00037_Results.csv,0.015,5000.0,RF2,11,3.960866754705256,2.6763013732855057,1.173924977129156,0.29638083021465145,0.12287187078897964,334.0376425785073,0.004230503458529711,10.576258646324277,0.02069336734712124,nan,4.89146683130549,at_final_position,0,0,2.0992888030330974,0.00848924546614273,1.947240911018117,0.0,2.2952046309724654,1946.0,1,PASS,PASS,PASS,WARN,WARN,PASS,PASS,SKIP,PASS,PASS,,1,1,0.3333333333,0.3333333333,0,0.6666666667,0.3333333333,0,1,60,0.45,0.1166666667,0.1166666667,0.02,23.66666667,0.852,0.05,1,4405.817639,5196.152423,5.833333333,60,0.05,30,8,0,2.5,0.02,0.852,23.66666667,0.45,0.05,60,0.39,140,1,1.1e-09,50,5.833333333,0
00038,glassy_pc,CDP_drucker_prager_unified,morris,3,7,s,1,WARN,Design_00038_Results.csv,0.015,5000.0,RF2,11,3.4672796075994317,3.2421501190340063,1.040550486607985,0.3001057325539458,0.12287187078897964,292.41122663547725,0.0015033077215775847,3.758269303943962,0.023906061425805092,nan,15.902307347106456,at_final_position,0,0,2.697130285011501,0.01043584744169797,2.0998401830871405,0.0,2.519702835952932,1896.0,1,PASS,PASS,PASS,WARN,WARN,PASS,PASS,SKIP,PASS,WARN,,1,1,0.3333333333,1,0,0.6666666667,0.3333333333,0,1,60,0.45,0.1166666667,0.35,0.02,23.66666667,0.852,0.05,1,4405.817639,5196.152423,5.833333333,60,0.05,30,8,0,2.5,0.02,0.852,23.66666667,0.45,0.05,60,0.39,140,1,1.1e-09,50,17.5,0
00039,glassy_pc,CDP_drucker_prager_unified,morris,3,8,phi,-1,WARN,Design_00039_Results.csv,0.015,5000.0,RF2,11,3.451810121536255,3.245879699731026,1.024590719829906,0.29682708021433807,0.12287187078897964,291.10661555500957,0.002465036464855075,6.162591162137687,0.02353970892727375,nan,9.549436392884234,at_final_position,0,0,2.68230641008823,0.009193718047620583,2.147122552523228,0.0,2.5218823488842754,1878.0,1,PASS,PASS,PASS,WARN,WARN,PASS,PASS,SKIP,PASS,PASS,,1,1,0.3333333333,1,0,0.6666666667,0.3333333333,0,0.3333333333,60,0.45,0.1166666667,0.35,0.02,23.66666667,0.852,0.05,0.3333333333,4405.817639,5196.152423,5.833333333,60,0.01666666667,30,8,0,2.5,0.02,0.852,23.66666667,0.45,0.05,60,0.39,140,0.3333333333,1.1e-09,50,17.5,4.666666667
00040,glassy_pc,CDP_drucker_prager_unified,morris,3,9,X,-1,WARN,Design_00040_Results.csv,0.015,5000.0,RF2,11,1.675062277100303,2.756657754545928,0.26605873758142645,0.15883513181491987,0.12287187078897964,141.26550799773338,0.004627115558832884,11.56778889708221,0.006737611256539822,nan,1.4561147589405086,at_final_position,0,0,0.9603125024204198,0.014797629619101542,2.980893720948222,0.0,13.227610050788863,539.0,1,PASS,PASS,PASS,WARN,PASS,PASS,PASS,SKIP,PASS,PASS,,0.3333333333,1,0.3333333333,1,0,0.6666666667,0.3333333333,0,0.3333333333,11.44714243,0.45,0.1166666667,0.35,0.02,23.66666667,0.852,0.05,0.3333333333,840.5670336,991.3516141,5.833333333,11.44714243,0.01666666667,30,8,0,2.5,0.02,0.852,23.66666667,0.45,0.05,60,0.39,140,0.3333333333,1.1e-09,50,17.5,4.666666667
00041,glassy_pc,CDP_drucker_prager_unified,morris,4,0,,0,FAIL,Design_00041_Results.csv,0.015,5000.0,RF2,11,0.9809747988527472,3.2918496600796043,0.3055771128697829,0.3115035301897217,0.12287187078897964,82.73000066170648,1.6515485185664147e-05,0.04128871296416037,0.000982038676738739,nan,59.46169099477459,at_final_position,0,0,2.641519241280522,0.09736707505108548,40.17085559733491,0.0,85.11724136847826,348.0,1,FAIL,PASS,PASS,WARN,PASS,PASS,PASS,SKIP,PASS,WARN,,0,1,0,0,1,0.3333333333,0,0.3333333333,0,5,0.45,0,0,0.12,12.33333333,0.778,0.1833333333,0,367.1514699,433.0127019,0,5,0,30,8,0,2.5,0.12,0.778,12.33333333,0.45,0.1833333333,60,0.39,140,0,1.1e-09,50,0,25.66666667
00042,glassy_pc,CDP_drucker_prager_unified,morris,4,1,mu_eff,1,FAIL,Design_00042_Results.csv,0.015,5000.0,RF2,11,1.030288197777488,4.3439061953298905,0.7748981551690535,0.7521178606535962,0.12287187078897964,86.88882057272359,0.00020911269530188292,0.5227817382547073,0.015441719442605972,nan,73.84400751142215,at_final_position,0,0,4.096429282368754,0.2174460894353349,26.02210753692952,0.0,9.045889014834325,931.0,1,FAIL,PASS,FAIL,FAIL,PASS,PASS,PASS,SKIP,PASS,WARN,,0,1,0,0,1,0.3333333333,0,1,0,5,0.45,0,0,0.12,12.33333333,0.778,0.45,0,367.1514699,433.0127019,0,5,0,30,8,0,2.5,0.12,0.778,12.33333333,0.45,0.45,60,0.39,140,0,1.1e-09,50,0,63
00043,glassy_pc,CDP_drucker_prager_unified,morris,4,2,beta,1,FAIL,Design_00043_Results.csv,0.015,5000.0,RF2,11,1.019006160172549,4.346773794799164,0.6926234743811868,0.679704894290241,0.12287187078897964,85.9373557852351,0.00019146651902701706,0.47866629756754264,0.00948424357920885,nan,49.534736555536206,at_final_position,0,0,3.7677522716904095,0.16067119872919755,37.728997899502545,0.0,14.104653254808117,643.0,1,FAIL,PASS,PASS,FAIL,PASS,PASS,PASS,SKIP,PASS,WARN,,0,1,0,0,1,1,0,1,0,5,0.45,0,0,0.12,35,0.778,0.45,0,367.1514699,433.0127019,0,5,0,30,8,0,2.5,0.12,0.778,35,0.45,0.45,60,0.39,140,0,1.1e-09,50,0,63
00047,glassy_pc,CDP_drucker_prager_unified,morris,4,6,K,1,FAIL,Design_00047_Results.csv,0.015,5000.0,RF2,11,0.9467759403315458,4.543254451334002,0.6959259510040283,0.7350482002746354,0.12287187078897964,79.84585767312264,3.453757017268799e-05,0.08634392543171998,0.018765827640891075,nan,543.3453351542063,at_final_position,0,0,4.700092132698401,0.18162952810303384,39.62101194595185,0.0,13.123770805259133,1040.0,1,FAIL,PASS,PASS,FAIL,PASS,PASS,PASS,SKIP,PASS,WARN,,0,0.3333333333,0.6666666667,0.6666666667,1,1,0.6666666667,1,0,5,0.15,0.2333333333,0.2333333333,0.12,35,0.926,0.45,0,367.1514699,433.0127019,11.66666667,5,0,30,8,0,2.5,0.12,0.926,35,0.15,0.45,60,0.39,140,0,1.1e-09,50,11.66666667,63
00050,glassy_pc,CDP_drucker_prager_unified,morris,4,9,phi,1,FAIL,Design_00050_Results.csv,0.015,5000.0,RF2,11,2.215055238116871,4.08058913692169,2.0040723302147607,0.9047504981945834,0.12287187078897964,186.80553417828708,0.0025399636942893267,6.349909235723317,0.02245228923857212,nan,8.839610301931577,at_final_position,0,0,5.7289885068323585,0.05052163405845473,7.28655687907683,0.0,1.8049560998934226,3154.0,1,PASS,WARN,FAIL,WARN,PASS,PASS,PASS,SKIP,PASS,PASS,,0.6666666667,0.3333333333,0.6666666667,0.6666666667,0.3333333333,1,0.6666666667,1,0.6666666667,26.20741394,0.15,0.2333333333,0.2333333333,0.05333333333,35,0.926,0.45,0.6666666667,1924.41811,2269.628624,11.66666667,26.20741394,0.3,30,8,0,2.5,0.05333333333,0.926,35,0.15,0.45,60,0.39,140,0.6666666667,1.1e-09,50,11.66666667,21
00051,glassy_pc,CDP_drucker_prager_unified,morris,5,0,,0,FAIL,Design_00051_Results.csv,0.015,5000.0,RF2,11,2.5721310918981377,7.249108654459207,1.822640668262135,0.7086111100648037,0.12287187078897964,216.9193410305648,0.01899304799735546,47.48261999338865,0.022932304069399834,nan,1.2074051554333387,at_final_position,0,0,9.919632904809877,0.02969658762290715,4.283705241303607,0.0,1.7791257863895151,7359.0,1,PASS,FAIL,FAIL,WARN,PASS,PASS,PASS,SKIP,PASS,PASS,,1,0,1,1,0.6666666667,0.6666666667,0,0.6666666667,0.3333333333,60,0,0.35,0.35,0.08666666667,23.66666667,0.778,0.3166666667,0.3333333333,4405.817639,5196.152423,17.5,60,0.1055555556,30,8,0,2.5,0.08666666667,0.778,23.66666667,0,0.3166666667,60,0.39,140,0.3333333333,1.1e-09,50,17.5,29.55555556
00052,glassy_pc,CDP_drucker_prager_unified,morris,5,1,phi,1,FAIL,Design_00052_Results.csv,0.015,5000.0,RF2,11,2.638109315525402,7.65826499978825,1.7441245425831189,0.6611267138624093,0.12287187078897964,222.48358028597212,0.003968554548919201,9.921386372298002,0.033788640052080154,nan,8.514092381893095,at_final_position,0,0,9.588041938790525,0.0357589477376765,5.451051812478598,0.0,1.8624657184413813,3449.0,1,PASS,WARN,FAIL,WARN,PASS,PASS,WARN,SKIP,PASS,PASS,,1,0,1,1,0.6666666667,0.6666666667,0,0.6666666667,1,60,0,0.35,0.35,0.08666666667,23.66666667,0.778,0.3166666667,1,4405.817639,5196.152423,17.5,60,0.3166666667,30,8,0,2.5,0.08666666667,0.778,23.66666667,0,0.3166666667,60,0.39,140,1,1.1e-09,50,17.5,0
00055,glassy_pc,CDP_drucker_prager_unified,morris,5,4,beta,-1,FAIL,Design_00055_Results.csv,0.015,5000.0,RF2,11,1.4791647629304365,4.795791273875801,0.7946452986110341,0.5372256820374278,0.12287187078897964,124.74459278578972,0.00048513952060602605,1.2128488015150651,0.0400107316672802,nan,82.47262894043271,at_final_position,1,0,6.454245040086326,0.0715291429606462,8.28941433687869,0.0,5.1144197216318705,1567.0,1,PASS,WARN,FAIL,WARN,PASS,PASS,WARN,SKIP,PASS,FAIL,,0.3333333333,0,1,1,0,0,0,0.6666666667,1,11.44714243,0,0.35,0.35,0.02,1,0.778,0.3166666667,1,840.5670336,991.3516141,17.5,11.44714243,0.3166666667,30,8,0,2.5,0.02,0.778,1,0,0.3166666667,60,0.39,140,1,1.1e-09,50,17.5,0
00057,glassy_pc,CDP_drucker_prager_unified,morris,5,6,mu_eff,-1,WARN,Design_00057_Results.csv,0.015,5000.0,RF2,11,1.5297630375081843,3.728974305365513,0.28621360524134204,0.1870966929018971,0.12287187078897964,129.01177201831825,0.0012087409850209951,3.021852462552488,0.013390983454883099,nan,11.078455699630723,at_final_position,0,0,1.6149026275655163,0.027709645594481507,3.357714344986303,0.0,10.116461637138494,808.0,1,PASS,PASS,PASS,WARN,PASS,PASS,WARN,SKIP,PASS,WARN,,0.3333333333,0,0.3333333333,1,0,0,0,0,1,11.44714243,0,0.1166666667,0.35,0.02,1,0.778,0.05,1,840.5670336,991.3516141,5.833333333,11.44714243,0.05,30,8,0,2.5,0.02,0.778,1,0,0.05,60,0.39,140,1,1.1e-09,50,17.5,0
00058,glassy_pc,CDP_drucker_prager_unified,morris,5,7,s,-1,WARN,Design_00058_Results.csv,0.015,5000.0,RF2,11,1.7066662419926037,2.780187942520817,0.25678742744705896,0.15046142070944638,0.12287187078897964,143.93081197853937,0.0040397136472165585,10.099284118041396,0.009373038075864315,nan,2.3202233857151042,at_final_position,0,0,1.0258717728753435,0.015689272826436628,2.889674940007651,0.0,12.502424038673329,662.0,1,PASS,PASS,PASS,WARN,PASS,PASS,WARN,SKIP,PASS,PASS,,0.3333333333,0,0.3333333333,0.3333333333,0,0,0,0,1,11.44714243,0,0.1166666667,0.1166666667,0.02,1,0.778,0.05,1,840.5670336,991.3516141,5.833333333,11.44714243,0.05,30,8,0,2.5,0.02,0.778,1,0,0.05,60,0.39,140,1,1.1e-09,50,5.833333333,0
00059,glassy_pc,CDP_drucker_prager_unified,morris,5,8,h,1,WARN,Design_00059_Results.csv,0.015,5000.0,RF2,11,1.7192343365062366,2.8026768899273655,0.24958396770737387,0.14517158156262108,0.12287187078897964,144.9907357081247,0.0043398542329669,10.84963558241725,0.008372349664568901,nan,1.9291776209831877,at_final_position,0,0,0.9869701471596517,0.016950698772523327,2.960831270058343,0.0,12.801729332955835,642.0,1,PASS,PASS,PASS,WARN,PASS,PASS,WARN,SKIP,PASS,PASS,,0.3333333333,0.6666666667,0.3333333333,0.3333333333,0,0,0,0,1,11.44714243,0.3,0.1166666667,0.1166666667,0.02,1,0.778,0.05,1,840.5670336,991.3516141,5.833333333,11.44714243,0.05,30,8,0,2.5,0.02,0.778,1,0.3,0.05,60,0.39,140,1,1.1e-09,50,5.833333333,0
00060,glassy_pc,CDP_drucker_prager_unified,morris,5,9,K,1,WARN,Design_00060_Results.csv,0.015,5000.0,RF2,11,1.7100286808880893,2.810458448683197,0.2442154518582604,0.1428136583834542,0.12287187078897964,144.21438151811753,0.004726759158074856,11.81689789518714,0.008073829114437103,nan,1.7081109581486404,at_final_position,0,0,0.9721836341618053,0.017055220122399545,2.9634845439078603,0.0,12.999580233731804,545.0,1,PASS,PASS,PASS,WARN,PASS,PASS,WARN,SKIP,PASS,PASS,,0.3333333333,0.6666666667,0.3333333333,0.3333333333,0,0,0.6666666667,0,1,11.44714243,0.3,0.1166666667,0.1166666667,0.02,1,0.926,0.05,1,840.5670336,991.3516141,5.833333333,11.44714243,0.05,30,8,0,2.5,0.02,0.926,1,0.3,0.05,60,0.39,140,1,1.1e-09,50,5.833333333,0
00062,glassy_pc,CDP_drucker_prager_unified,morris,6,1,h,1,FAIL,Design_00062_Results.csv,0.015,5000.0,RF2,11,3.6316658800298516,3.4866170825014873,3.151783661408858,0.8678616826344583,0.12287187078897964,306.2746576255995,0.006436466705054045,16.091166762635112,0.04057522863149643,nan,6.303959997126364,at_final_position,1,0,5.725007378141985,0.018737005180486,4.817411554428166,0.0,1.2727668144291888,2483.0,1,PASS,WARN,PASS,WARN,WARN,PASS,PASS,SKIP,PASS,FAIL,,1,1,0.3333333333,0.6666666667,1,0.3333333333,0.3333333333,1,0.6666666667,60,0.45,0.1166666667,0.2333333333,0.12,12.33333333,0.852,0.45,0.6666666667,4405.817639,5196.152423,5.833333333,60,0.3,30,8,0,2.5,0.12,0.852,12.33333333,0.45,0.45,60,0.39,140,0.6666666667,1.1e-09,50,11.66666667,21
00063,glassy_pc,CDP_drucker_prager_unified,morris,6,2,phi,-1,WARN,Design_00063_Results.csv,0.015,5000.0,RF2,11,3.7094849456440318,3.4496835295308697,2.8256736451929267,0.7617428528753175,0.12287187078897964,312.8374881461019,0.006239321082830429,15.598302707076073,0.03673960268497467,nan,5.88839750306743,at_final_position,0,0,5.461239629846743,0.019644806655367754,3.755879636665694,0.0,1.3496960018269644,2302.0,1,PASS,WARN,PASS,WARN,WARN,PASS,PASS,SKIP,PASS,PASS,,1,1,0.3333333333,0.6666666667,1,0.3333333333,0.3333333333,1,0,60,0.45,0.1166666667,0.2333333333,0.12,12.33333333,0.852,0.45,0,4405.817639,5196.152423,5.833333333,60,0,30,8,0,2.5,0.12,0.852,12.33333333,0.45,0.45,60,0.39,140,0,1.1e-09,50,11.66666667,63
00064,glassy_pc,CDP_drucker_prager_unified,morris,6,3,q,1,WARN,Design_00064_Results.csv,0.015,5000.0,RF2,11,4.067709706046364,3.354924200689893,2.8098649328405205,0.6907732202875377,0.12287187078897964,343.0481874421327,0.006279282737523317,15.698206843808293,0.02675078809261322,nan,4.26016620222524,at_final_position,0,0,4.213294895369105,0.013759647446809686,3.5579104291700614,0.0,1.3620293425391858,2158.0,1,PASS,PASS,PASS,WARN,WARN,PASS,PASS,SKIP,PASS,PASS,,1,1,1,0.6666666667,1,0.3333333333,0.3333333333,1,0,60,0.45,0.35,0.2333333333,0.12,12.33333333,0.852,0.45,0,4405.817639,5196.152423,17.5,60,0,30,8,0,2.5,0.12,0.852,12.33333333,0.45,0.45,60,0.39,140,0,1.1e-09,50,11.66666667,63
00065,glassy_pc,CDP_drucker_prager_unified,morris,6,4,s,-1,WARN,Design_00065_Results.csv,0.015,5000.0,RF2,11,4.316271933642301,3.046061029243321,2.7760347453030674,0.6431556648842792,0.12287187078897964,364.01055393466254,0.006268192548304796,15.67048137076199,0.023287596181035042,nan,3.7152011527362965,at_final_position,0,0,3.381893610003533,0.011912148164578534,3.530325574738353,0.0,1.3802471538560723,1764.0,1,PASS,PASS,PASS,WARN,WARN,PASS,PASS,SKIP,PASS,PASS,,1,1,1,0,1,0.3333333333,0.3333333333,1,0,60,0.45,0.35,0,0.12,12.33333333,0.852,0.45,0,4405.817639,5196.152423,17.5,60,0,30,8,0,2.5,0.12,0.852,12.33333333,0.45,0.45,60,0.39,140,0,1.1e-09,50,0,63
00066,glassy_pc,CDP_drucker_prager_unified,morris,6,5,eps_soft,-1,WARN,Design_00066_Results.csv,0.015,5000.0,RF2,11,4.316271933642301,3.046061029243321,2.7760347453030674,0.6431556648842792,0.12287187078897964,364.01055393466254,0.006268192548304796,15.67048137076199,0.023287596181035042,nan,3.7152011527362965,at_final_position,0,0,3.381893610003533,0.011912148164578534,3.530325574738353,0.0,1.3802471538560723,1912.0,1,PASS,PASS,PASS,WARN,WARN,PASS,PASS,SKIP,PASS,PASS,,1,1,1,0,0.3333333333,0.3333333333,0.3333333333,1,0,60,0.45,0.35,0,0.05333333333,12.33333333,0.852,0.45,0,4405.817639,5196.152423,17.5,60,0,30,8,0,2.5,0.05333333333,0.852,12.33333333,0.45,0.45,60,0.39,140,0,1.1e-09,50,0,63
00067,glassy_pc,CDP_drucker_prager_unified,morris,6,6,K,1,WARN,Design_00067_Results.csv,0.015,5000.0,RF2,11,4.10230903192,3.010920628439126,2.6055099097165195,0.6351325288863148,0.12287187078897964,345.9661036370931,0.006924104876816273,17.310262192040682,0.021554110571742058,nan,3.1129093153847074,at_final_position,0,0,3.01646682250424,0.013368314647756358,3.412538438402181,0.0,1.5033855060487524,1856.0,1,PASS,PASS,PASS,WARN,WARN,PASS,PASS,SKIP,PASS,PASS,,1,1,1,0,0.3333333333,0.3333333333,1,1,0,60,0.45,0.35,0,0.05333333333,12.33333333,1,0.45,0,4405.817639,5196.152423,17.5,60,0,30,8,0,2.5,0.05333333333,1,12.33333333,0.45,0.45,60,0.39,140,0,1.1e-09,50,0,63
00068,glassy_pc,CDP_drucker_prager_unified,morris,6,7,mu_eff,-1,WARN,Design_00068_Results.csv,0.015,5000.0,RF2,11,4.0890890468250625,2.4233365322666383,1.5826594396071,0.3870445034294233,0.12287187078897964,344.85120305358066,0.004081543069332838,10.203857673332095,0.019318772479891777,nan,4.733203141979729,at_final_position,0,0,2.0058962508885463,0.008396036929837375,2.2319831586662375,0.0,2.037087164890342,1662.0,1,PASS,PASS,PASS,WARN,WARN,PASS,PASS,SKIP,PASS,PASS,,1,1,1,0,0.3333333333,0.3333333333,1,0.3333333333,0,60,0.45,0.35,0,0.05333333333,12.33333333,1,0.1833333333,0,4405.817639,5196.152423,17.5,60,0,30,8,0,2.5,0.05333333333,1,12.33333333,0.45,0.1833333333,60,0.39,140,0,1.1e-09,50,0,25.66666667
00069,glassy_pc,CDP_drucker_prager_unified,morris,6,8,beta,1,WARN,Design_00069_Results.csv,0.015,5000.0,RF2,11,4.657772671092641,2.489888568802933,1.6247359189120205,0.3488225024367458,0.12287187078897964,392.81084143265036,0.007555630058050156,18.88907514512539,0.014685864560306072,nan,1.9436982021981077,at_final_position,0,0,1.478321357766987,0.006687755954117117,1.8225975672778834,0.0,2.0294959496743448,1578.0,1,PASS,PASS,PASS,WARN,WARN,PASS,PASS,SKIP,PASS,PASS,,1,1,1,0,0.3333333333,1,1,0.3333333333,0,60,0.45,0.35,0,0.05333333333,35,1,0.1833333333,0,4405.817639,5196.152423,17.5,60,0,30,8,0,2.5,0.05333333333,1,35,0.45,0.1833333333,60,0.39,140,0,1.1e-09,50,0,25.66666667
00070,glassy_pc,CDP_drucker_prager_unified,morris,6,9,X,-1,WARN,Design_00070_Results.csv,0.015,5000.0,RF2,11,2.0254149545322764,2.3142663279402376,0.43944539536129346,0.21696561209738544,0.12287187078897964,170.8123192610558,0.0013057530159130692,3.264382539782673,0.0023591152857989073,nan,1.806708663161124,at_final_position,0,0,0.9323978024802467,0.021213562965244445,7.997581451912833,0.0,21.433147493827747,491.0,1,PASS,PASS,PASS,WARN,PASS,PASS,PASS,SKIP,PASS,WARN,,0.3333333333,1,1,0,0.3333333333,1,1,0.3333333333,0,11.44714243,0.45,0.35,0,0.05333333333,35,1,0.1833333333,0,840.5670336,991.3516141,17.5,11.44714243,0,30,8,0,2.5,0.05333333333,1,35,0.45,0.1833333333,60,0.39,140,0,1.1e-09,50,0,25.66666667
00071,glassy_pc,CDP_drucker_prager_unified,morris,7,0,,0,WARN,Design_00071_Results.csv,0.015,5000.0,RF2,11,1.729263424873352,2.4750832747012517,0.23749552396210757,0.13733912401431916,0.12287187078897964,145.8365336717606,0.003815160831436515,9.537902078591287,0.004613504279404879,nan,1.2092555158854903,at_final_position,0,0,0.9031813392218032,0.016382218023593163,3.9804240033156066,0.0,16.227799148045186,578.0,1,PASS,PASS,PASS,WARN,PASS,PASS,PASS,SKIP,PASS,PASS,,0.3333333333,0,0,1,0.3333333333,1,1,0,0,11.44714243,0,0,0.35,0.05333333333,35,1,0.05,0,840.5670336,991.3516141,0,11.44714243,0,30,8,0,2.5,0.05333333333,1,35,0,0.05,60,0.39,140,0,1.1e-09,50,17.5,7
00072,glassy_pc,CDP_drucker_prager_unified,morris,7,1,X,1,WARN,Design_00072_Results.csv,0.015,5000.0,RF2,11,3.3672947233373467,4.982000513144456,0.9993922764604742,0.2967938236989159,0.12287187078897964,283.97905330050804,0.002626993227750063,6.567483069375157,0.02186071313917637,nan,8.321571943259016,at_final_position,0,0,3.391598958542315,0.014358282453626896,2.5280855062855574,0.0,2.5567043430015044,1840.0,1,PASS,PASS,PASS,WARN,PASS,PASS,WARN,SKIP,PASS,PASS,,1,0,0,1,0.3333333333,1,1,0,0,60,0,0,0.35,0.05333333333,35,1,0.05,0,4405.817639,5196.152423,0,60,0,30,8,0,2.5,0.05333333333,1,35,0,0.05,60,0.39,140,0,1.1e-09,50,17.5,7
00073,glassy_pc,CDP_drucker_prager_unified,morris,7,2,phi,1,WARN,Design_00073_Results.csv,0.015,5000.0,RF2,11,3.3555374362251977,5.014418935094214,1.011881416494196,0.3015556928587002,0.12287187078897964,282.9875085924223,0.0016950481804087758,4.2376204510219395,0.021989835426211357,nan,12.972985476382338,at_final_position,0,0,3.5059243360643735,0.014043204336123324,2.5549009456833636,0.0,2.533860317671741,1812.0,1,PASS,PASS,PASS,WARN,PASS,PASS,WARN,SKIP,PASS,WARN,,1,0,0,1,0.3333333333,1,1,0,0.6666666667,60,0,0,0.35,0.05333333333,35,1,0.05,0.6666666667,4405.817639,5196.152423,0,60,0.03333333333,30,8,0,2.5,0.05333333333,1,35,0,0.05,60,0.39,140,0.6666666667,1.1e-09,50,17.5,2.333333333
00074,glassy_pc,CDP_drucker_prager_unified,morris,7,3,eps_soft,1,WARN,Design_00074_Results.csv,0.015,5000.0,RF2,11,3.543428659439087,3.9495446900482087,1.0536141178824685,0.2973431157068228,0.12287187078897964,298.8332174108271,0.0019513521110638976,4.878380277659744,0.02157740294933319,nan,11.05766756650032,at_final_position,0,0,3.3528866812861478,0.013892769501978514,2.517960787388544,0.0,2.474462141779966,1745.0,1,PASS,PASS,PASS,WARN,WARN,PASS,WARN,SKIP,PASS,WARN,,1,0,0,1,1,1,1,0,0.6666666667,60,0,0,0.35,0.12,35,1,0.05,0.6666666667,4405.817639,5196.152423,0,60,0.03333333333,30,8,0,2.5,0.12,1,35,0,0.05,60,0.39,140,0.6666666667,1.1e-09,50,17.5,2.333333333
00075,glassy_pc,CDP_drucker_prager_unified,morris,7,4,h,1,WARN,Design_00075_Results.csv,0.015,5000.0,RF2,11,3.7545254230499268,3.3442743730226967,1.0975913242860273,0.2923382320299797,0.12287187078897964,316.6359534379229,0.005416427738964558,13.541069347411394,0.020507024601101875,nan,3.7860792369810405,at_final_position,0,0,2.5661088873269255,0.011868563727595273,2.261400659442216,0.0,2.4059592923804805,1397.0,1,PASS,PASS,PASS,WARN,WARN,PASS,WARN,SKIP,PASS,PASS,,1,0.6666666667,0,1,1,1,1,0,0.6666666667,60,0.3,0,0.35,0.12,35,1,0.05,0.6666666667,4405.817639,5196.152423,0,60,0.03333333333,30,8,0,2.5,0.12,1,35,0.3,0.05,60,0.39,140,0.6666666667,1.1e-09,50,17.5,2.333333333
00076,glassy_pc,CDP_drucker_prager_unified,morris,7,5,q,1,WARN,Design_00076_Results.csv,0.015,5000.0,RF2,11,4.111623547293923,2.797478629901159,1.1897631666877053,0.2893657828841727,0.12287187078897964,346.75163845811943,0.007965286262333393,19.913215655833483,0.017774511128664017,nan,2.2314968405739455,at_final_position,0,0,1.8928948041320086,0.00835958056658465,1.8016500310736305,0.0,2.287764348972285,1442.0,1,PASS,PASS,PASS,WARN,WARN,PASS,WARN,SKIP,PASS,PASS,,1,0.6666666667,0.6666666667,1,1,1,1,0,0.6666666667,60,0.3,0.2333333333,0.35,0.12,35,1,0.05,0.6666666667,4405.817639,5196.152423,11.66666667,60,0.03333333333,30,8,0,2.5,0.12,1,35,0.3,0.05,60,0.39,140,0.6666666667,1.1e-09,50,17.5,2.333333333
00077,glassy_pc,CDP_drucker_prager_unified,morris,7,6,s,-1,WARN,Design_00077_Results.csv,0.015,5000.0,RF2,11,4.404299605976451,2.3147235159265356,1.249446760524403,0.283687957746779,0.12287187078897964,371.43432200594197,0.008418683893978596,21.04670973494649,0.015258089639246464,nan,1.812407952525656,at_final_position,0,0,1.5838821120463489,0.00675342776990822,1.6281032327325595,0.0,2.2508722792205353,1597.0,1,PASS,PASS,PASS,WARN,WARN,PASS,WARN,SKIP,PASS,PASS,,1,0.6666666667,0.6666666667,0.3333333333,1,1,1,0,0.6666666667,60,0.3,0.2333333333,0.1166666667,0.12,35,1,0.05,0.6666666667,4405.817639,5196.152423,11.66666667,60,0.03333333333,30,8,0,2.5,0.12,1,35,0.3,0.05,60,0.39,140,0.6666666667,1.1e-09,50,5.833333333,2.333333333
00078,glassy_pc,CDP_drucker_prager_unified,morris,7,7,beta,-1,WARN,Design_00078_Results.csv,0.015,5000.0,RF2,11,3.6779566678133877,3.1372670506217024,1.075311996720054,0.29236668450456393,0.12287187078897964,310.1785671943689,0.005449709482491016,13.624273706227541,0.02151823416352272,nan,3.9485103256709597,at_final_position,0,0,2.215452142515082,0.008087826372262926,1.9662819832621463,0.0,2.4367041535052896,1721.0,1,PASS,PASS,PASS,WARN,WARN,PASS,PASS,SKIP,PASS,PASS,,1,0.6666666667,0.6666666667,0.3333333333,1,0.3333333333,1,0,0.6666666667,60,0.3,0.2333333333,0.1166666667,0.12,12.33333333,1,0.05,0.6666666667,4405.817639,5196.152423,11.66666667,60,0.03333333333,30,8,0,2.5,0.12,1,12.33333333,0.3,0.05,60,0.39,140,0.6666666667,1.1e-09,50,5.833333333,2.333333333
00079,glassy_pc,CDP_drucker_prager_unified,morris,7,8,K,-1,WARN,Design_00079_Results.csv,0.015,5000.0,RF2,11,3.7816130464727227,3.060043203193727,1.119972456585277,0.29616262764640205,0.12287187078897964,318.9203741042976,0.003095056628808379,7.737641572020948,0.02265317551791668,nan,7.319147348408396,at_final_position,0,0,2.314463901873229,0.008820707321780015,2.1625578377885586,0.0,2.3580116882235735,1875.0,1,PASS,PASS,PASS,WARN,WARN,PASS,PASS,SKIP,PASS,PASS,,1,0.6666666667,0.6666666667,0.3333333333,1,0.3333333333,0.3333333333,0,0.6666666667,60,0.3,0.2333333333,0.1166666667,0.12,12.33333333,0.852,0.05,0.6666666667,4405.817639,5196.152423,11.66666667,60,0.03333333333,30,8,0,2.5,0.12,0.852,12.33333333,0.3,0.05,60,0.39,140,0.6666666667,1.1e-09,50,5.833333333,2.333333333
00080,glassy_pc,CDP_drucker_prager_unified,morris,7,9,mu_eff,1,WARN,Design_00080_Results.csv,0.015,5000.0,RF2,11,3.6430127837441186,3.7444227566855295,2.4581358432769775,0.6747535595388771,0.12287187078897964,307.23159286276103,0.005977783352136612,14.94445838034153,0.03173666074872017,nan,5.309101865890921,at_final_position,0,0,5.381038055090415,0.029901772682244088,4.0321802162905245,0.0,1.5079210989765832,2012.0,1,PASS,WARN,PASS,WARN,WARN,PASS,PASS,SKIP,PASS,PASS,,1,0.6666666667,0.6666666667,0.3333333333,1,0.3333333333,0.3333333333,0.6666666667,0.6666666667,60,0.3,0.2333333333,0.1166666667,0.12,12.33333333,0.852,0.3166666667,0.6666666667,4405.817639,5196.152423,11.66666667,60,0.2111111111,30,8,0,2.5,0.12,0.852,12.33333333,0.3,0.3166666667,60,0.39,140,0.6666666667,1.1e-09,50,5.833333333,14.77777778
00081,glassy_pc,CDP_drucker_prager_unified,morris,8,0,,0,WARN,Design_00081_Results.csv,0.015,5000.0,RF2,11,0.9786355928941206,3.1536012712390074,0.02374156987802549,0.02425986756501928,0.12287187078897964,82.53272494093224,0.0003846110193990171,0.9615275484975427,0.00026113857165910304,nan,0.6789679923033698,at_final_position,0,0,1.3968519641612231,0.07973632770853543,19.926512574052484,0.0,120.57955426430537,381.0,1,PASS,PASS,PASS,WARN,PASS,PASS,WARN,SKIP,PASS,WARN,,0,0.3333333333,0,0.6666666667,0,0.6666666667,0.6666666667,0,0.3333333333,5,0.15,0,0.2333333333,0.02,23.66666667,0.926,0.05,0.3333333333,367.1514699,433.0127019,0,5,0.01666666667,30,8,0,2.5,0.02,0.926,23.66666667,0.15,0.05,60,0.39,140,0.3333333333,1.1e-09,50,11.66666667,4.666666667
00082,glassy_pc,CDP_drucker_prager_unified,morris,8,1,s,-1,WARN,Design_00082_Results.csv,0.015,5000.0,RF2,11,1.0024072365327314,3.2325686324519873,0.014881472272629087,0.014845735076796969,0.12287187078897964,84.53749417277398,0.0004267046460881829,1.0667616152204573,5.464396963361651e-05,nan,0.12806040462546023,at_final_position,0,0,1.4968280241936007,0.08936799531300628,24.027871631903157,0.0,139.14194033148254,404.0,1,PASS,PASS,PASS,WARN,PASS,PASS,WARN,SKIP,PASS,WARN,,0,0.3333333333,0,0,0,0.6666666667,0.6666666667,0,0.3333333333,5,0.15,0,0,0.02,23.66666667,0.926,0.05,0.3333333333,367.1514699,433.0127019,0,5,0.01666666667,30,8,0,2.5,0.02,0.926,23.66666667,0.15,0.05,60,0.39,140,0.3333333333,1.1e-09,50,0,4.666666667
00083,glassy_pc,CDP_drucker_prager_unified,morris,8,2,h,1,WARN,Design_00083_Results.csv,0.015,5000.0,RF2,11,1.0024895830587908,3.225601186736434,0.014881292781369253,0.014844336572519322,0.12287187078897964,84.54443882432196,0.0004258018743712455,1.0645046859281138,5.178185529075563e-05,nan,0.12161020983578007,at_final_position,0,0,1.495675077643573,0.08932851471347002,24.026424460685114,0.0,139.16448288046323,387.0,1,PASS,PASS,PASS,WARN,PASS,PASS,WARN,SKIP,PASS,WARN,,0,1,0,0,0,0.6666666667,0.6666666667,0,0.3333333333,5,0.45,0,0,0.02,23.66666667,0.926,0.05,0.3333333333,367.1514699,433.0127019,0,5,0.01666666667,30,8,0,2.5,0.02,0.926,23.66666667,0.45,0.05,60,0.39,140,0.3333333333,1.1e-09,50,0,4.666666667
00084,glassy_pc,CDP_drucker_prager_unified,morris,8,3,beta,-1,WARN,Design_00084_Results.csv,0.015,5000.0,RF2,11,0.9795658750967546,3.207044342965943,0.024343504824421623,0.024851319797167436,0.12287187078897964,82.61117980779477,0.0003286980208940804,0.821745052235201,0.0002893775817938149,nan,0.8803751875557044,at_final_position,0,0,1.3059611716873847,0.07670945876537433,19.397873791225777,0.0,116.49437612130346,398.0,1,PASS,PASS,PASS,WARN,PASS,PASS,WARN,SKIP,PASS,WARN,,0,1,0,0,0,0,0.6666666667,0,0.3333333333,5,0.45,0,0,0.02,1,0.926,0.05,0.3333333333,367.1514699,433.0127019,0,5,0.01666666667,30,8,0,2.5,0.02,0.926,1,0.45,0.05,60,0.39,140,0.3333333333,1.1e-09,50,0,4.666666667
00085,glassy_pc,CDP_drucker_prager_unified,morris,8,4,phi,1,FAIL,Design_00085_Results.csv,0.015,5000.0,RF2,11,0.9797911698167975,3.1828860508096697,0.014504371549595486,0.014803533647182726,0.12287187078897964,82.63017992111065,0.00032124947756528854,0.8031236939132214,0.0002628780493978411,nan,0.818298760795387,at_final_position,0,0,1.17030309489074,0.06404924325073164,19.171849985181314,0.0,118.68557419898175,334.0,1,PASS,PASS,PASS,FAIL,PASS,PASS,WARN,SKIP,PASS,WARN,,0,1,0,0,0,0,0.6666666667,0,1,5,0.45,0,0,0.02,1,0.926,0.05,1,367.1514699,433.0127019,0,5,0.05,30,8,0,2.5,0.02,0.926,1,0.45,0.05,60,0.39,140,1,1.1e-09,50,0,0
00086,glassy_pc,CDP_drucker_prager_unified,morris,8,5,X,1,WARN,Design_00086_Results.csv,0.015,5000.0,RF2,11,2.6894032088193027,2.7573379945757424,0.6512694467197765,0.24216132582280056,0.12287187078897964,226.80942416199093,0.004864507354795933,12.161268386989832,0.017482634633779526,nan,3.5939167851279623,at_final_position,0,0,1.4258806102607833,0.013973368779367864,2.3233783025315002,0.0,4.298395412883203,1061.0,1,PASS,PASS,PASS,WARN,PASS,PASS,PASS,SKIP,PASS,PASS,,0.6666666667,1,0,0,0,0,0.6666666667,0,1,26.20741394,0.45,0,0,0.02,1,0.926,0.05,1,1924.41811,2269.628624,0,26.20741394,0.05,30,8,0,2.5,0.02,0.926,1,0.45,0.05,60,0.39,140,1,1.1e-09,50,0,0
00087,glassy_pc,CDP_drucker_prager_unified,morris,8,6,eps_soft,1,WARN,Design_00087_Results.csv,0.015,5000.0,RF2,11,2.6894032088193027,2.7573379945757424,0.6512694467197765,0.24216132582280056,0.12287187078897964,226.80942416199093,0.004864507354795933,12.161268386989832,0.017482634633779526,nan,3.5939167851279623,at_final_position,0,0,1.4258806102607833,0.013973368779367864,2.3233783025315002,0.0,4.298395412883203,1127.0,1,PASS,PASS,PASS,WARN,PASS,PASS,PASS,SKIP,PASS,PASS,,0.6666666667,1,0,0,0.6666666667,0,0.6666666667,0,1,26.20741394,0.45,0,0,0.08666666667,1,0.926,0.05,1,1924.41811,2269.628624,0,26.20741394,0.05,30,8,0,2.5,0.08666666667,0.926,1,0.45,0.05,60,0.39,140,1,1.1e-09,50,0,0
00088,glassy_pc,CDP_drucker_prager_unified,morris,8,7,q,1,WARN,Design_00088_Results.csv,0.015,5000.0,RF2,11,2.8465198386799204,2.859809993810656,0.6638411554423246,0.2332114979216805,0.12287187078897964,240.05977361799683,0.006861214060336351,17.15303515084088,0.014761715196073055,nan,2.1514727665193125,at_final_position,0,0,1.189797050690187,0.011044145103987383,2.112061622821955,0.0,4.372072130633743,1103.0,1,PASS,PASS,PASS,WARN,PASS,PASS,PASS,SKIP,PASS,PASS,,0.6666666667,1,0.6666666667,0,0.6666666667,0,0.6666666667,0,1,26.20741394,0.45,0.2333333333,0,0.08666666667,1,0.926,0.05,1,1924.41811,2269.628624,11.66666667,26.20741394,0.05,30,8,0,2.5,0.08666666667,0.926,1,0.45,0.05,60,0.39,140,1,1.1e-09,50,0,0
00089,glassy_pc,CDP_drucker_prager_unified,morris,8,8,mu_eff,1,WARN,Design_00089_Results.csv,0.015,5000.0,RF2,11,2.949975360523571,3.5180844852946946,1.7756120508367366,0.6019074174645294,0.12287187078897964,248.7846413725936,0.0034182961098849773,8.545740274712443,0.019235914573073387,nan,5.627340041562595,at_final_position,0,0,2.608875720560923,0.02848761894281887,6.218520009817062,0.0,2.4861529607964794,1354.0,1,PASS,PASS,PASS,WARN,PASS,PASS,WARN,SKIP,PASS,PASS,,0.6666666667,1,0.6666666667,0,0.6666666667,0,0.6666666667,0.6666666667,1,26.20741394,0.45,0.2333333333,0,0.08666666667,1,0.926,0.3166666667,1,1924.41811,2269.628624,11.66666667,26.20741394,0.3166666667,30,8,0,2.5,0.08666666667,0.926,1,0.45,0.3166666667,60,0.39,140,1,1.1e-09,50,0,0
00090,glassy_pc,CDP_drucker_prager_unified,morris,8,9,K,-1,WARN,Design_00090_Results.csv,0.015,5000.0,RF2,11,3.0695662281729956,3.4456135963322545,1.8988913189281116,0.6186187812140254,0.12287187078897964,258.87027514355464,0.002854753751307726,7.136884378269315,0.028322303667664528,nan,9.92110218077144,at_final_position,0,0,3.0028640751713755,0.026978501282214958,6.321700859406859,0.0,2.2916005945906615,1231.0,1,PASS,PASS,PASS,WARN,PASS,PASS,WARN,SKIP,PASS,PASS,,0.6666666667,1,0.6666666667,0,0.6666666667,0,0,0.6666666667,1,26.20741394,0.45,0.2333333333,0,0.08666666667,1,0.778,0.3166666667,1,1924.41811,2269.628624,11.66666667,26.20741394,0.3166666667,30,8,0,2.5,0.08666666667,0.778,1,0.45,0.3166666667,60,0.39,140,1,1.1e-09,50,0,0
00091,glassy_pc,CDP_drucker_prager_unified,morris,9,0,,0,WARN,Design_00091_Results.csv,0.015,5000.0,RF2,11,0.9594888307831504,3.209043007938863,0.012671503238379955,0.013206514585518695,0.12287187078897964,80.9179926930064,0.00035791288246400654,0.8947822061600164,0.0005076054949313402,nan,1.4182375650655366,at_final_position,0,0,1.1979499546630623,0.061212003005637464,16.172949769022292,0.0,102.61717430443329,330.0,1,PASS,PASS,PASS,WARN,PASS,PASS,WARN,SKIP,PASS,WARN,,0,0.6666666667,0,0.3333333333,0,0,1,0,0.6666666667,5,0.3,0,0.1166666667,0.02,1,1,0.05,0.6666666667,367.1514699,433.0127019,0,5,0.03333333333,30,8,0,2.5,0.02,1,1,0.3,0.05,60,0.39,140,0.6666666667,1.1e-09,50,5.833333333,2.333333333
00092,glassy_pc,CDP_drucker_prager_unified,morris,9,1,h,-1,WARN,Design_00092_Results.csv,0.015,5000.0,RF2,11,0.9571186087348245,3.1753835133465595,0.013625487261875109,0.01423594436209539,0.12287187078897964,80.7181012464007,0.00039433312485925853,0.9858328121481463,0.0005334861343726516,nan,1.3528818674897225,at_final_position,0,0,1.176238692782035,0.061077873769114624,15.778317500755584,0.0,100.56888142419349,373.0,1,PASS,PASS,PASS,WARN,PASS,PASS,WARN,SKIP,PASS,WARN,,0,0,0,0.3333333333,0,0,1,0,0.6666666667,5,0,0,0.1166666667,0.02,1,1,0.05,0.6666666667,367.1514699,433.0127019,0,5,0.03333333333,30,8,0,2.5,0.02,1,1,0,0.05,60,0.39,140,0.6666666667,1.1e-09,50,5.833333333,2.333333333
00093,glassy_pc,CDP_drucker_prager_unified,morris,9,2,phi,-1,WARN,Design_00093_Results.csv,0.015,5000.0,RF2,11,0.957520457831296,3.19357205536194,0.05305607786232775,0.05540986349523575,0.12287187078897964,80.75199098144373,0.00043216010089963675,1.0804002522490919,0.0006135804578661919,nan,1.419798950872347,at_final_position,0,0,1.2880193910813087,0.07375820165283102,15.974324443026427,0.0,97.50034754700778,393.0,1,PASS,PASS,PASS,WARN,PASS,PASS,WARN,SKIP,PASS,WARN,,0,0,0,0.3333333333,0,0,1,0,0,5,0,0,0.1166666667,0.02,1,1,0.05,0,367.1514699,433.0127019,0,5,0,30,8,0,2.5,0.02,1,1,0,0.05,60,0.39,140,0,1.1e-09,50,5.833333333,7
00094,glassy_pc,CDP_drucker_prager_unified,morris,9,3,beta,1,WARN,Design_00094_Results.csv,0.015,5000.0,RF2,11,0.9934720667925748,3.1893118677062016,0.03620169752023437,0.03643957261638122,0.12287187078897964,83.78395126893983,0.0004149958840571344,1.037489710142836,0.00013241729175206274,nan,0.31908097607501146,at_final_position,0,0,1.5417074690803536,0.09239691317186752,22.888939597967095,0.0,131.39026254849438,359.0,1,PASS,PASS,PASS,WARN,PASS,PASS,WARN,SKIP,PASS,WARN,,0,0,0,0.3333333333,0,0.6666666667,1,0,0,5,0,0,0.1166666667,0.02,23.66666667,1,0.05,0,367.1514699,433.0127019,0,5,0,30,8,0,2.5,0.02,1,23.66666667,0,0.05,60,0.39,140,0,1.1e-09,50,5.833333333,7
00095,glassy_pc,CDP_drucker_prager_unified,morris,9,4,X,1,WARN,Design_00095_Results.csv,0.015,5000.0,RF2,11,2.6608456698330967,2.7697612165757377,0.651701499115337,0.2449226975107562,0.12287187078897964,224.40103892927286,0.004689609631896019,11.724024079740047,0.016227954998612404,nan,3.4604063605292894,at_final_position,0,0,1.3814257284823894,0.014537981158692181,2.3633964454998777,0.0,4.497200175162484,892.0,1,PASS,PASS,PASS,WARN,PASS,PASS,WARN,SKIP,PASS,PASS,,0.6666666667,0,0,0.3333333333,0,0.6666666667,1,0,0,26.20741394,0,0,0.1166666667,0.02,23.66666667,1,0.05,0,1924.41811,2269.628624,0,26.20741394,0,30,8,0,2.5,0.02,1,23.66666667,0,0.05,60,0.39,140,0,1.1e-09,50,5.833333333,7
00096,glassy_pc,CDP_drucker_prager_unified,morris,9,5,s,1,WARN,Design_00096_Results.csv,0.015,5000.0,RF2,11,2.2258807962590996,4.733224964923888,0.6304546919735995,0.2832382996578998,0.12287187078897964,187.71850200714192,0.0019342150771990418,4.835537692997605,0.020411476492881775,nan,10.552847371265381,at_final_position,0,0,2.5738981810719137,0.02395754827615103,3.737012367260756,0.0,4.542340971296288,1248.0,1,PASS,PASS,PASS,WARN,PASS,PASS,PASS,SKIP,PASS,WARN,,0.6666666667,0,0,1,0,0.6666666667,1,0,0,26.20741394,0,0,0.35,0.02,23.66666667,1,0.05,0,1924.41811,2269.628624,0,26.20741394,0,30,8,0,2.5,0.02,1,23.66666667,0,0.05,60,0.39,140,0,1.1e-09,50,17.5,7
00097,glassy_pc,CDP_drucker_prager_unified,morris,9,6,mu_eff,1,FAIL,Design_00097_Results.csv,0.015,5000.0,RF2,11,1.4860570322383533,9.351444385139278,1.2388636090538718,0.8336581855057409,0.12287187078897964,125.32584874167306,0.0021041312720626593,5.260328180156648,0.028300853446125984,nan,13.450136796067355,at_final_position,0,0,10.53480820578159,0.04918639052808773,6.24665036888843,0.0,2.589064324486078,5218.0,1,PASS,FAIL,FAIL,WARN,PASS,PASS,PASS,SKIP,PASS,PASS,,0.6666666667,0,0,1,0,0.6666666667,1,0.6666666667,0,26.20741394,0,0,0.35,0.02,23.66666667,1,0.3166666667,0,1924.41811,2269.628624,0,26.20741394,0,30,8,0,2.5,0.02,1,23.66666667,0,0.3166666667,60,0.39,140,0,1.1e-09,50,17.5,44.33333333
00100,glassy_pc,CDP_drucker_prager_unified,morris,9,9,q,1,FAIL,Design_00100_Results.csv,0.015,5000.0,RF2,11,1.9121463298797607,8.116667922304568,1.4717170650308782,0.769667593966735,0.12287187078897964,161.2598685728095,0.0009447216871194541,2.3618042177986354,0.03186025843024254,nan,33.7244914186182,at_final_position,0,0,9.346784098370103,0.055637864018435304,6.079769816729965,0.0,2.327670715034722,2871.0,1,PASS,WARN,FAIL,WARN,PASS,PASS,PASS,SKIP,PASS,WARN,,0.6666666667,0,0.6666666667,1,0.6666666667,0.6666666667,0.3333333333,0.6666666667,0,26.20741394,0,0.2333333333,0.35,0.08666666667,23.66666667,0.852,0.3166666667,0,1924.41811,2269.628624,11.66666667,26.20741394,0,30,8,0,2.5,0.08666666667,0.852,23.66666667,0,0.3166666667,60,0.39,140,0,1.1e-09,50,17.5,44.33333333
