id,family,campaign,method,traj,step,moved,sign,status,file,fine_size_x,mass_scale,force_source,n_window,Fn_half_N,Fn_cv_pct,Ft_half_N,scof,contact_radius_mm,H_MPa,residual_depth_mm,residual_rel_pct,pile_up_mm,pile_up_max_mm,pile_up_ratio,profile_method,profile_n_fail_flags,profile_n_warn_flags,AE_over_IE_pct,KE_over_IE_pct,PW_over_IE_pct,MW_over_IE_pct,ETOTAL_drift_pct,wallclock_s,family_resolved,q_quasi_static,q_hourglass,q_energy_total,q_artificial_energy,q_force_magnitude,q_strain_level,q_friction_physics,q_steady_state,q_settling,q_recovery,parse_error,u_X,u_h,u_w,u_eps_c,u_beta,u_K,u_mu_eff,u_phi,g_X,g_h,g_w,g_eps_c,g_beta,g_K,g_mu_eff,g_phi,p_E,p_E_star,p_Q,p_X,p_alpha,p_attack_angle_deg,p_b,p_branch,p_dilation_angle,p_eps_c,p_eps_max,p_eps_soft,p_flow_stress_ratio,p_friction_angle,p_h,p_mu_eff,p_n_points,p_nu,p_p_ref_MPa,p_phi,p_rho,p_sigma_y0,p_soft_drop,p_tau0,p_w
00001,glassy_pc,CDP_drucker_prager_unified,morris,0,0,,0,WARN,Design_00001_Results.csv,0.01,20000.0,RF2,11,2.4218024123798716,3.0114998396290997,0.7954071760177612,0.32843603258125653,0.12287187078897964,204.24144984460938,0.025752641260623932,64.38160315155983,0.028494907543063164,nan,1.106484855463435,at_final_position,0,0,3.8040738423116984,0.023736257105258955,4.710897968023369,0.0,3.462830560875912,5707.0,1,PASS,PASS,PASS,WARN,PASS,PASS,PASS,SKIP,PASS,PASS,,1,0,0.3333333333,0,0,0.6666666667,0,0.3333333333,60,0,-0.1166666667,0.02,1,0.926,0.05,0.3333333333,4405.817639,5196.152423,0,60,0.01666666667,30,50,-1,0,0.02,2.5,0.02,0.926,1,0,0.05,60,0.39,140,0.3333333333,1.1e-09,50,5.833333333,4.666666667,-0.1166666667
00002,glassy_pc,CDP_drucker_prager_unified,morris,0,1,w,1,WARN,Design_00002_Results.csv,0.01,20000.0,RF2,11,3.502866506576538,2.426283674182018,1.0565058643167669,0.30161179774713237,0.12287187078897964,295.4124292956957,0.02081890217959881,52.04725544899702,0.025242634117603302,nan,1.2124863213171475,at_final_position,0,0,1.9703191880513515,0.013255347619946307,3.1077303507790384,0.0,2.650285081283388,4078.0,1,PASS,PASS,PASS,WARN,WARN,PASS,PASS,SKIP,PASS,PASS,,1,0,1,0,0,0.6666666667,0,0.3333333333,60,0,0.35,0.02,1,0.926,0.05,0.3333333333,4405.817639,5196.152423,17.5,60,0.01666666667,30,50,1,0,0.02,2.5,0.02,0.926,1,0,0.05,60,0.39,140,0.3333333333,1.1e-09,50,0,4.666666667,0.35
00003,glassy_pc,CDP_drucker_prager_unified,morris,0,2,K,-1,WARN,Design_00003_Results.csv,0.01,20000.0,RF2,11,3.485835920680653,2.3109764511981394,1.0623942613601685,0.30477460372051096,0.12287187078897964,293.97616367084623,0.023174619302153587,57.93654825538397,0.02446262538433075,nan,1.055578305964123,at_final_position,0,0,2.1941514191129463,0.014384261810160566,3.7504203853019913,0.0,2.7284105234445635,6133.0,1,PASS,PASS,PASS,WARN,WARN,PASS,PASS,SKIP,PASS,PASS,,1,0,1,0,0,0,0,0.3333333333,60,0,0.35,0.02,1,0.778,0.05,0.3333333333,4405.817639,5196.152423,17.5,60,0.01666666667,30,50,1,0,0.02,2.5,0.02,0.778,1,0,0.05,60,0.39,140,0.3333333333,1.1e-09,50,0,4.666666667,0.35
00004,glassy_pc,CDP_drucker_prager_unified,morris,0,3,beta,1,WARN,Design_00004_Results.csv,0.01,20000.0,RF2,11,4.352523240176114,2.0386644075132536,1.2382837425578723,0.28449790483089255,0.12287187078897964,367.0677890614339,0.016854213550686836,42.13553387671709,0.020987292751669884,nan,1.2452252778543096,at_final_position,0,0,1.259287444205817,0.00882894024507084,2.2506986749324054,0.0,2.2756402754373193,2976.0,1,PASS,PASS,PASS,WARN,WARN,PASS,PASS,SKIP,PASS,PASS,,1,0,1,0,0.6666666667,0,0,0.3333333333,60,0,0.35,0.02,23.66666667,0.778,0.05,0.3333333333,4405.817639,5196.152423,17.5,60,0.01666666667,30,50,1,0,0.02,2.5,0.02,0.778,23.66666667,0,0.05,60,0.39,140,0.3333333333,1.1e-09,50,0,4.666666667,0.35
00005,glassy_pc,CDP_drucker_prager_unified,morris,0,4,phi,1,WARN,Design_00005_Results.csv,0.01,20000.0,RF2,11,4.345575592734597,2.012596151458132,1.2833662900057705,0.2953271120519549,0.12287187078897964,366.4818628193875,0.01666543260216713,41.663581505417824,0.021430009976029396,nan,1.2858958112640109,at_final_position,0,0,1.3091067959940783,0.009127726481924383,2.286099405438035,0.0,2.2636940142041913,2966.0,1,PASS,PASS,PASS,WARN,WARN,PASS,PASS,SKIP,PASS,PASS,,1,0,1,0,0.6666666667,0,0,1,60,0,0.35,0.02,23.66666667,0.778,0.05,1,4405.817639,5196.152423,17.5,60,0.05,30,50,1,0,0.02,2.5,0.02,0.778,23.66666667,0,0.05,60,0.39,140,1,1.1e-09,50,0,0,0.35
00006,glassy_pc,CDP_drucker_prager_unified,morris,0,5,h,1,WARN,Design_00006_Results.csv,0.01,20000.0,RF2,11,4.585774725133723,2.0694795082083335,1.3654934601350264,0.29776723497799124,0.12287187078897964,386.73893201786336,0.017658162862062454,44.145407155156136,0.0187689196318388,nan,1.0629033030476087,at_final_position,0,0,1.0710900916046686,0.007847909009673104,2.210349205492743,0.0,2.1687391138844534,2099.0,1,PASS,PASS,PASS,WARN,WARN,PASS,PASS,SKIP,PASS,PASS,,1,0.6666666667,1,0,0.6666666667,0,0,1,60,0.3,0.35,0.02,23.66666667,0.778,0.05,1,4405.817639,5196.152423,17.5,60,0.05,30,50,1,0,0.02,2.5,0.02,0.778,23.66666667,0.3,0.05,60,0.39,140,1,1.1e-09,50,0,0,0.35
00007,glassy_pc,CDP_drucker_prager_unified,morris,0,6,eps_c,1,WARN,Design_00007_Results.csv,0.01,20000.0,RF2,11,4.398033488880504,2.2308514447245136,1.33393056826158,0.303301594140686,0.12287187078897964,370.9058722719627,0.01795143075287342,44.87857688218355,0.018888277933001518,nan,1.052187883685992,at_final_position,0,0,1.062284292774326,0.008242968640936592,2.2697556700950727,0.0,2.2048264284050325,3562.0,1,PASS,PASS,PASS,WARN,WARN,PASS,PASS,SKIP,PASS,PASS,,1,0.6666666667,1,0.6666666667,0.6666666667,0,0,1,60,0.3,0.35,0.08666666667,23.66666667,0.778,0.05,1,4405.817639,5196.152423,17.5,60,0.05,30,11.53846154,1,0,0.08666666667,2.5,0.08666666667,0.778,23.66666667,0.3,0.05,60,0.39,140,1,1.1e-09,50,0,0,0.35
00008,glassy_pc,CDP_drucker_prager_unified,morris,0,7,mu_eff,1,WARN,Design_00008_Results.csv,0.01,20000.0,RF2,11,4.16042405908758,2.85540164184807,2.9783784476193516,0.7158833823955286,0.12287187078897964,350.8672042990589,0.010781921446323395,26.954803615808487,0.021154921501874924,nan,1.9620734214390603,at_final_position,0,0,1.6964872144986962,0.01383864846839228,3.908394203862367,0.0,1.3617608069166318,4028.0,1,PASS,PASS,PASS,WARN,WARN,PASS,PASS,SKIP,PASS,PASS,,1,0.6666666667,1,0.6666666667,0.6666666667,0,0.6666666667,1,60,0.3,0.35,0.08666666667,23.66666667,0.778,0.3166666667,1,4405.817639,5196.152423,17.5,60,0.3166666667,30,11.53846154,1,0,0.08666666667,2.5,0.08666666667,0.778,23.66666667,0.3,0.3166666667,60,0.39,140,1,1.1e-09,50,0,0,0.35
00009,glassy_pc,CDP_drucker_prager_unified,morris,0,8,X,-1,WARN,Design_00009_Results.csv,0.01,20000.0,RF2,11,2.0076150677420874,2.443902894137148,0.9742718935012817,0.4852881955090226,0.12287187078897964,169.31117504445325,0.0006142048514448106,1.5355121286120266,0.0092227878049016,nan,15.015817252512068,at_final_position,0,0,0.9117794656862003,0.0372571838202107,11.617903933801712,0.0,7.2284541600049765,1143.0,1,PASS,PASS,PASS,WARN,PASS,PASS,WARN,SKIP,PASS,WARN,,0.3333333333,0.6666666667,1,0.6666666667,0.6666666667,0,0.6666666667,1,11.44714243,0.3,0.35,0.08666666667,23.66666667,0.778,0.3166666667,1,840.5670336,991.3516141,17.5,11.44714243,0.3166666667,30,11.53846154,1,0,0.08666666667,2.5,0.08666666667,0.778,23.66666667,0.3,0.3166666667,60,0.39,140,1,1.1e-09,50,0,0,0.35
00010,glassy_pc,CDP_drucker_prager_unified,morris,1,0,,0,WARN,Design_00010_Results.csv,0.01,20000.0,RF2,11,2.803861314600164,2.192120974768849,0.6793491461060264,0.24229056643013844,0.12287187078897964,236.4621891240088,0.012352139689028263,30.880349222570658,0.017343314364552498,nan,1.404073690970126,at_final_position,0,0,0.8727998601262799,0.013616751220352743,1.9995293711456172,0.0,4.26410404243023,1864.0,1,PASS,PASS,PASS,WARN,PASS,PASS,WARN,SKIP,PASS,PASS,,0.6666666667,0,0.6666666667,0,0.3333333333,0.6666666667,0,1,26.20741394,0,0.1166666667,0.02,12.33333333,0.926,0.05,1,1924.41811,2269.628624,5.833333333,26.20741394,0.05,30,50,1,0,0.02,2.5,0.02,0.926,12.33333333,0,0.05,60,0.39,140,1,1.1e-09,50,0,0,0.1166666667
00011,glassy_pc,CDP_drucker_prager_unified,morris,1,1,X,-1,WARN,Design_00011_Results.csv,0.01,20000.0,RF2,11,1.0413085438988425,3.198348147156988,0.016222548925063827,0.015579002995907195,0.12287187078897964,87.81821574472816,0.0006342988344840705,1.5857470862101763,0.00014283212658483535,nan,0.22518112728523762,at_final_position,0,0,0.6847738954566484,0.16369130295668496,13.432434125496062,0.0,116.52399348943008,901.0,1,PASS,PASS,PASS,WARN,PASS,PASS,WARN,SKIP,PASS,WARN,,0,0,0.6666666667,0,0.3333333333,0.6666666667,0,1,5,0,0.1166666667,0.02,12.33333333,0.926,0.05,1,367.1514699,433.0127019,5.833333333,5,0.05,30,50,1,0,0.02,2.5,0.02,0.926,12.33333333,0,0.05,60,0.39,140,1,1.1e-09,50,0,0,0.1166666667
00012,glassy_pc,CDP_drucker_prager_unified,morris,1,2,w,-1,FAIL,Design_00012_Results.csv,0.01,20000.0,RF2,11,0.8931802727959373,3.5834543986188785,0.04854619333689863,0.05435206622391431,0.12287187078897964,75.32589486075372,0.004256776999682188,10.64194249920547,0.0037050945684313774,nan,0.8703990292909403,at_final_position,0,0,8.631874818860691,0.6234228695471635,5.436391138720861,0.0,46.324087891918,493.0,1,PASS,WARN,FAIL,WARN,PASS,PASS,WARN,SKIP,PASS,PASS,,0,0,0,0,0.3333333333,0.6666666667,0,1,5,0,-0.35,0.02,12.33333333,0.926,0.05,1,367.1514699,433.0127019,0,5,0.05,30,50,-1,0,0.02,2.5,0.02,0.926,12.33333333,0,0.05,60,0.39,140,1,1.1e-09,50,17.5,0,-0.35
00013,glassy_pc,CDP_drucker_prager_unified,morris,1,3,mu_eff,1,FAIL,Design_00013_Results.csv,0.01,20000.0,RF2,11,0.8870369575240395,3.6149384717366244,0.38202653418887744,0.43067713351562825,0.12287187078897964,74.8078015548874,3.0224964575609192e-05,0.07556241143902298,0.017249006778001785,nan,570.6874108934875,at_final_position,0,0,4.328647415137022,0.13911278554668866,8.617317835767308,0.0,14.138577684539197,1586.0,1,FAIL,PASS,PASS,WARN,PASS,PASS,WARN,SKIP,PASS,WARN,,0,0,0,0,0.3333333333,0.6666666667,0.6666666667,1,5,0,-0.35,0.02,12.33333333,0.926,0.3166666667,1,367.1514699,433.0127019,0,5,0.3166666667,30,50,-1,0,0.02,2.5,0.02,0.926,12.33333333,0,0.3166666667,60,0.39,140,1,1.1e-09,50,17.5,0,-0.35
00014,glassy_pc,CDP_drucker_prager_unified,morris,1,4,beta,1,FAIL,Design_00014_Results.csv,0.01,20000.0,RF2,11,0.9604151140559803,3.073416818795047,0.3329803455959667,0.34670460795826047,0.12287187078897964,80.99611031219882,0.0002457842347212136,0.614460586803034,0.004004729446023703,nan,16.293679090386572,at_final_position,0,0,2.469228369958456,0.22209409077278452,42.407374804493756,0.0,42.08353451264455,729.0,1,FAIL,PASS,PASS,FAIL,PASS,PASS,WARN,SKIP,PASS,WARN,,0,0,0,0,1,0.6666666667,0.6666666667,1,5,0,-0.35,0.02,35,0.926,0.3166666667,1,367.1514699,433.0127019,0,5,0.3166666667,30,50,-1,0,0.02,2.5,0.02,0.926,35,0,0.3166666667,60,0.39,140,1,1.1e-09,50,17.5,0,-0.35
00017,glassy_pc,CDP_drucker_prager_unified,morris,1,7,eps_c,1,FAIL,Design_00017_Results.csv,0.01,20000.0,RF2,11,0.9854402813044462,3.6888940406652186,0.5957763520154086,0.6045788500007002,0.12287187078897964,83.10659480726042,6.402095459634438e-05,0.16005238649086095,0.030519340187311172,nan,476.7086086069363,at_final_position,0,0,4.886750069783155,0.0769820563604903,14.0630130702992,0.0,10.513900908963828,2107.0,1,FAIL,PASS,FAIL,FAIL,PASS,PASS,PASS,SKIP,PASS,WARN,,0,0,0,0.6666666667,1,0,0.6666666667,0.3333333333,5,0,-0.35,0.08666666667,35,0.778,0.3166666667,0.3333333333,367.1514699,433.0127019,0,5,0.1055555556,30,11.53846154,-1,0,0.08666666667,2.5,0.08666666667,0.778,35,0,0.3166666667,60,0.39,140,0.3333333333,1.1e-09,50,17.5,29.55555556,-0.35
00018,glassy_pc,CDP_drucker_prager_unified,morris,1,8,h,1,FAIL,Design_00018_Results.csv,0.01,20000.0,RF2,11,1.031725742600181,3.6387617276089883,0.5677356719970703,0.5502777032259064,0.12287187078897964,87.01005516944484,0.0004168305022176355,1.0420762555440888,0.0075600845739245415,nan,18.137071384419155,at_final_position,0,0,2.264855274306211,0.07840753302960837,19.430128871568424,0.0,15.2719508118625,648.0,1,FAIL,PASS,PASS,FAIL,PASS,PASS,PASS,SKIP,PASS,WARN,,0,0.6666666667,0,0.6666666667,1,0,0.6666666667,0.3333333333,5,0.3,-0.35,0.08666666667,35,0.778,0.3166666667,0.3333333333,367.1514699,433.0127019,0,5,0.1055555556,30,11.53846154,-1,0,0.08666666667,2.5,0.08666666667,0.778,35,0.3,0.3166666667,60,0.39,140,0.3333333333,1.1e-09,50,17.5,29.55555556,-0.35
00019,glassy_pc,CDP_drucker_prager_unified,morris,2,0,,0,WARN,Design_00019_Results.csv,0.01,20000.0,RF2,11,1.9665175676345825,2.53639102273159,0.9255074479363181,0.4706326875327948,0.12287187078897964,165.84523869719473,0.003069037338718772,7.67259334679693,0.009974775835871696,nan,3.250131795410432,at_final_position,0,0,0.6661208591987546,0.020143275057950685,6.898363888635879,0.0,6.842021270215233,1036.0,1,PASS,PASS,PASS,WARN,PASS,PASS,WARN,SKIP,PASS,PASS,,0.3333333333,1,1,1,0,1,0.6666666667,1,11.44714243,0.45,0.35,0.12,1,1,0.3166666667,1,840.5670336,991.3516141,17.5,11.44714243,0.3166666667,30,8.333333333,1,0,0.12,2.5,0.12,1,1,0.45,0.3166666667,60,0.39,140,1,1.1e-09,50,0,0,0.35
00020,glassy_pc,CDP_drucker_prager_unified,morris,2,1,X,1,WARN,Design_00020_Results.csv,0.01,20000.0,RF2,11,3.8790991089560767,2.52007329932382,2.5271718502044678,0.6514842181705863,0.12287187078897964,327.1418106011241,0.016646085307002068,41.61521326750517,0.020905135199427605,nan,1.255858949048759,at_final_position,0,0,1.2109468709726612,0.012300467429564574,3.477755955115104,0.0,1.5610190957467582,2935.0,1,PASS,PASS,PASS,WARN,WARN,PASS,WARN,SKIP,PASS,PASS,,1,1,1,1,0,1,0.6666666667,1,60,0.45,0.35,0.12,1,1,0.3166666667,1,4405.817639,5196.152423,17.5,60,0.3166666667,30,8.333333333,1,0,0.12,2.5,0.12,1,1,0.45,0.3166666667,60,0.39,140,1,1.1e-09,50,0,0,0.35
00021,glassy_pc,CDP_drucker_prager_unified,morris,2,2,phi,-1,WARN,Design_00021_Results.csv,0.01,20000.0,RF2,11,3.933166655627164,2.478185611493846,2.2814794453707608,0.5800617276429562,0.12287187078897964,331.7015690955392,0.016541464254260063,41.35366063565016,0.02081627957522869,nan,1.2584302849651112,at_final_position,0,0,1.0055198531370282,0.009614981792434578,2.197321778451258,0.0,1.650935595877387,2557.0,1,PASS,PASS,PASS,WARN,WARN,PASS,PASS,SKIP,PASS,PASS,,1,1,1,1,0,1,0.6666666667,0.3333333333,60,0.45,0.35,0.12,1,1,0.3166666667,0.3333333333,4405.817639,5196.152423,17.5,60,0.1055555556,30,8.333333333,1,0,0.12,2.5,0.12,1,1,0.45,0.3166666667,60,0.39,140,0.3333333333,1.1e-09,50,0,29.55555556,0.35
00022,glassy_pc,CDP_drucker_prager_unified,morris,2,3,w,-1,WARN,Design_00022_Results.csv,0.01,20000.0,RF2,11,3.333798560229215,2.5369786841031265,2.1526010903445156,0.6456902093678131,0.12287187078897964,281.15417176497704,0.023450078442692757,58.62519610673189,0.02411944419145584,nan,1.0285442861267555,at_final_position,0,0,1.5339797046775328,0.013118547169116247,2.837433449109776,0.0,1.725815409063054,4272.0,1,PASS,PASS,PASS,WARN,PASS,PASS,PASS,SKIP,PASS,PASS,,1,1,0.3333333333,1,0,1,0.6666666667,0.3333333333,60,0.45,-0.1166666667,0.12,1,1,0.3166666667,0.3333333333,4405.817639,5196.152423,0,60,0.1055555556,30,8.333333333,-1,0,0.12,2.5,0.12,1,1,0.45,0.3166666667,60,0.39,140,0.3333333333,1.1e-09,50,5.833333333,29.55555556,-0.1166666667
00023,glassy_pc,CDP_drucker_prager_unified,morris,2,4,mu_eff,-1,WARN,Design_00023_Results.csv,0.01,20000.0,RF2,11,3.228397932919589,2.315216377333853,0.9728629534894769,0.30134542695908373,0.12287187078897964,272.26526455016636,0.02202310785651207,55.057769641280174,0.023866675794124603,nan,1.0837106165770969,at_final_position,0,0,1.3172485763869737,0.012180471319937011,2.0170439437960077,0.0,2.739142234706354,3084.0,1,PASS,PASS,PASS,WARN,PASS,PASS,PASS,SKIP,PASS,PASS,,1,1,0.3333333333,1,0,1,0,0.3333333333,60,0.45,-0.1166666667,0.12,1,1,0.05,0.3333333333,4405.817639,5196.152423,0,60,0.01666666667,30,8.333333333,-1,0,0.12,2.5,0.12,1,1,0.45,0.05,60,0.39,140,0.3333333333,1.1e-09,50,5.833333333,4.666666667,-0.1166666667
00024,glassy_pc,CDP_drucker_prager_unified,morris,2,5,h,-1,WARN,Design_00024_Results.csv,0.01,20000.0,RF2,11,2.8701044646176426,2.818075772187335,0.9181593331423673,0.31990449980526586,0.12287187078897964,242.0487708090722,0.023213274776935577,58.03318694233894,0.027584191411733627,nan,1.1882938394862297,at_final_position,0,0,2.1362545575998264,0.016365205207608917,2.565228372873432,0.0,2.969930603445766,2769.0,1,PASS,PASS,PASS,WARN,PASS,PASS,PASS,SKIP,PASS,PASS,,1,0.3333333333,0.3333333333,1,0,1,0,0.3333333333,60,0.15,-0.1166666667,0.12,1,1,0.05,0.3333333333,4405.817639,5196.152423,0,60,0.01666666667,30,8.333333333,-1,0,0.12,2.5,0.12,1,1,0.15,0.05,60,0.39,140,0.3333333333,1.1e-09,50,5.833333333,4.666666667,-0.1166666667
00025,glassy_pc,CDP_drucker_prager_unified,morris,2,6,K,-1,WARN,Design_00025_Results.csv,0.01,20000.0,RF2,11,2.8991211327639492,3.2150535158578464,0.9357321641661904,0.3227640796347433,0.12287187078897964,244.49587646127847,0.025508174672722816,63.77043668180704,0.025610076263546944,nan,1.0039948601627342,at_final_position,0,0,2.4368662634543363,0.018081219085616666,3.1902165216654668,0.0,3.141927520817109,5258.0,1,PASS,PASS,PASS,WARN,PASS,PASS,PASS,SKIP,PASS,PASS,,1,0.3333333333,0.3333333333,1,0,0.3333333333,0,0.3333333333,60,0.15,-0.1166666667,0.12,1,0.852,0.05,0.3333333333,4405.817639,5196.152423,0,60,0.01666666667,30,8.333333333,-1,0,0.12,2.5,0.12,0.852,1,0.15,0.05,60,0.39,140,0.3333333333,1.1e-09,50,5.833333333,4.666666667,-0.1166666667
00026,glassy_pc,CDP_drucker_prager_unified,morris,2,7,eps_c,-1,WARN,Design_00026_Results.csv,0.01,20000.0,RF2,11,2.886726574464278,2.7379250731776943,0.9427691156213934,0.3265876040914452,0.12287187078897964,243.45058781825463,0.02369159646332264,59.2289911583066,0.0273829884827137,nan,1.1558101846410294,at_final_position,0,0,2.257919785470089,0.018583640687052417,2.6281036934060062,0.0,3.063838666651844,4286.0,1,PASS,PASS,PASS,WARN,PASS,PASS,PASS,SKIP,PASS,PASS,,1,0.3333333333,0.3333333333,0.3333333333,0,0.3333333333,0,0.3333333333,60,0.15,-0.1166666667,0.05333333333,1,0.852,0.05,0.3333333333,4405.817639,5196.152423,0,60,0.01666666667,30,18.75,-1,0,0.05333333333,2.5,0.05333333333,0.852,1,0.15,0.05,60,0.39,140,0.3333333333,1.1e-09,50,5.833333333,4.666666667,-0.1166666667
00027,glassy_pc,CDP_drucker_prager_unified,morris,2,8,beta,1,WARN,Design_00027_Results.csv,0.01,20000.0,RF2,11,3.499318491328846,2.873274916778835,1.0615187775004993,0.3033501466445238,0.12287187078897964,295.1132092707444,0.01820060797035694,45.50151992589235,0.024350835010409355,nan,1.337913274659242,at_final_position,0,0,1.5987256143803092,0.011928491520274141,2.16692908051642,0.0,2.5875529450063017,2901.0,1,PASS,PASS,PASS,WARN,WARN,PASS,PASS,SKIP,PASS,PASS,,1,0.3333333333,0.3333333333,0.3333333333,0.6666666667,0.3333333333,0,0.3333333333,60,0.15,-0.1166666667,0.05333333333,23.66666667,0.852,0.05,0.3333333333,4405.817639,5196.152423,0,60,0.01666666667,30,18.75,-1,0,0.05333333333,2.5,0.05333333333,0.852,23.66666667,0.15,0.05,60,0.39,140,0.3333333333,1.1e-09,50,5.833333333,4.666666667,-0.1166666667
00028,glassy_pc,CDP_drucker_prager_unified,morris,3,0,,0,WARN,Design_00028_Results.csv,0.01,20000.0,RF2,11,1.4014991305091165,11.416615873983703,1.6610412164167925,1.1851889025527924,0.12287187078897964,118.19470197399512,0.007973072119057178,19.932680297642946,0.023968618363142014,nan,3.006196106749417,at_final_position,0,0,7.1894694136746224,0.05897949898445776,4.5110844066374,0.0,1.749627199744321,3953.0,1,PASS,WARN,PASS,WARN,PASS,PASS,PASS,SKIP,PASS,PASS,,1,0.3333333333,0,0,0,0.6666666667,1,0.3333333333,60,0.15,-0.35,0.02,1,0.926,0.45,0.3333333333,4405.817639,5196.152423,0,60,0.15,30,50,-1,0,0.02,2.5,0.02,0.926,1,0.15,0.45,60,0.39,140,0.3333333333,1.1e-09,50,17.5,42,-0.35
00029,glassy_pc,CDP_drucker_prager_unified,morris,3,1,K,-1,WARN,Design_00029_Results.csv,0.01,20000.0,RF2,11,1.4709662740880793,10.482024233618258,1.7645722085779363,1.1996007248173497,0.12287187078897964,124.05317748322902,0.0017914343625307083,4.478585906326771,0.021558014675974846,nan,12.033940582405963,at_final_position,0,0,8.497486129841006,0.07425423212128218,3.801757128339593,0.0,1.6668754651592843,3591.0,1,PASS,WARN,PASS,WARN,PASS,PASS,PASS,SKIP,PASS,WARN,,1,0.3333333333,0,0,0,0,1,0.3333333333,60,0.15,-0.35,0.02,1,0.778,0.45,0.3333333333,4405.817639,5196.152423,0,60,0.15,30,50,-1,0,0.02,2.5,0.02,0.778,1,0.15,0.45,60,0.39,140,0.3333333333,1.1e-09,50,17.5,42,-0.35
00030,glassy_pc,CDP_drucker_prager_unified,morris,3,2,phi,1,WARN,Design_00030_Results.csv,0.01,20000.0,RF2,11,1.6362263614481145,8.778396337745326,1.5926893841136585,0.97339183724193,0.12287187078897964,137.99030120204299,0.005201337393373251,13.003343483433127,0.02236221730709076,nan,4.299320658487042,at_final_position,0,0,6.594295804239499,0.06010814350051845,3.7430951161224373,0.0,2.512917412902664,2757.0,1,PASS,WARN,PASS,WARN,PASS,PASS,PASS,SKIP,PASS,PASS,,1,0.3333333333,0,0,0,0,1,1,60,0.15,-0.35,0.02,1,0.778,0.45,1,4405.817639,5196.152423,0,60,0.45,30,50,-1,0,0.02,2.5,0.02,0.778,1,0.15,0.45,60,0.39,140,1,1.1e-09,50,17.5,0,-0.35
00031,glassy_pc,CDP_drucker_prager_unified,morris,3,3,h,1,WARN,Design_00031_Results.csv,0.01,20000.0,RF2,11,2.8653524138710718,5.146348856609574,2.6329048330133613,0.9188764426559052,0.12287187078897964,241.64800907506228,0.005325113423168659,13.312783557921648,0.023301901295781136,nan,4.375850699141645,at_final_position,0,0,3.003407442645655,0.03800329703854357,5.48869361243626,0.0,1.5156396517718633,2709.0,1,PASS,PASS,PASS,WARN,PASS,PASS,WARN,SKIP,PASS,PASS,,1,1,0,0,0,0,1,1,60,0.45,-0.35,0.02,1,0.778,0.45,1,4405.817639,5196.152423,0,60,0.45,30,50,-1,0,0.02,2.5,0.02,0.778,1,0.45,0.45,60,0.39,140,1,1.1e-09,50,17.5,0,-0.35
00032,glassy_pc,CDP_drucker_prager_unified,morris,3,4,eps_c,1,WARN,Design_00032_Results.csv,0.01,20000.0,RF2,11,3.068970571864735,4.80458111259021,2.845572731711648,0.9272075652333973,0.12287187078897964,258.8200407778663,0.0048634642735123634,12.158660683780909,0.022908180952072144,nan,4.710259943068935,at_final_position,0,0,3.20476099250093,0.043443601186112214,5.855228099529327,0.0,1.680092957211321,2887.0,1,PASS,PASS,PASS,WARN,PASS,PASS,WARN,SKIP,PASS,PASS,,1,1,0,0.6666666667,0,0,1,1,60,0.45,-0.35,0.08666666667,1,0.778,0.45,1,4405.817639,5196.152423,0,60,0.45,30,11.53846154,-1,0,0.08666666667,2.5,0.08666666667,0.778,1,0.45,0.45,60,0.39,140,1,1.1e-09,50,17.5,0,-0.35
00033,glassy_pc,CDP_drucker_prager_unified,morris,3,5,mu_eff,-1,WARN,Design_00033_Results.csv,0.01,20000.0,RF2,11,3.0444504997946997,3.1785240759688036,1.4569076841527766,0.47854536779330853,0.12287187078897964,256.75215322259834,0.026546603068709373,66.36650767177343,0.023931322619318962,nan,0.9014834235995695,at_final_position,0,0,2.554188940229852,0.02189681736275418,4.005896554846733,0.0,2.9580056546354547,7053.0,1,PASS,PASS,PASS,WARN,PASS,PASS,PASS,SKIP,PASS,PASS,,1,1,0,0.6666666667,0,0,0.3333333333,1,60,0.45,-0.35,0.08666666667,1,0.778,0.1833333333,1,4405.817639,5196.152423,0,60,0.1833333333,30,11.53846154,-1,0,0.08666666667,2.5,0.08666666667,0.778,1,0.45,0.1833333333,60,0.39,140,1,1.1e-09,50,17.5,0,-0.35
00034,glassy_pc,CDP_drucker_prager_unified,morris,3,6,X,-1,WARN,Design_00034_Results.csv,0.01,20000.0,RF2,11,1.728228904984214,2.4921553451815046,0.6231970082629811,0.3605986489785469,0.12287187078897964,145.7492879736927,0.0009413784719072282,2.3534461797680706,0.014249042607843876,nan,15.136359108547898,at_final_position,0,0,0.9561374989432478,0.022456898271369843,2.541770100854761,0.0,6.607734624340939,1357.0,1,PASS,PASS,PASS,WARN,PASS,PASS,WARN,SKIP,PASS,WARN,,0.3333333333,1,0,0.6666666667,0,0,0.3333333333,1,11.44714243,0.45,-0.35,0.08666666667,1,0.778,0.1833333333,1,840.5670336,991.3516141,0,11.44714243,0.1833333333,30,11.53846154,-1,0,0.08666666667,2.5,0.08666666667,0.778,1,0.45,0.1833333333,60,0.39,140,1,1.1e-09,50,17.5,0,-0.35
00035,glassy_pc,CDP_drucker_prager_unified,morris,3,7,w,1,WARN,Design_00035_Results.csv,0.01,20000.0,RF2,11,1.893784999847412,2.58467705549533,0.5980905294418335,0.31581754501700215,0.12287187078897964,159.71137533169613,0.0039960709400475025,9.990177350118756,0.010366118513047695,nan,2.594077699963072,at_final_position,0,0,0.675372020471927,0.022295509287949596,3.9184414854386937,0.0,8.63583577013278,1302.0,1,PASS,PASS,PASS,WARN,PASS,PASS,WARN,SKIP,PASS,PASS,,0.3333333333,1,0.6666666667,0.6666666667,0,0,0.3333333333,1,11.44714243,0.45,0.1166666667,0.08666666667,1,0.778,0.1833333333,1,840.5670336,991.3516141,5.833333333,11.44714243,0.1833333333,30,11.53846154,1,0,0.08666666667,2.5,0.08666666667,0.778,1,0.45,0.1833333333,60,0.39,140,1,1.1e-09,50,0,0,0.1166666667
00036,glassy_pc,CDP_drucker_prager_unified,morris,3,8,beta,1,WARN,Design_00036_Results.csv,0.01,20000.0,RF2,11,1.9233943007209084,2.3019299958351875,0.561694248156114,0.2920328130043773,0.12287187078897964,162.20846035744992,0.004314111080020666,10.785277700051665,0.006252551916986704,nan,1.4493256666346088,at_final_position,0,0,0.7327315992680591,0.03298532905930851,7.508068646570723,0.0,11.574319861783462,802.0,1,PASS,PASS,PASS,WARN,PASS,PASS,WARN,SKIP,PASS,PASS,,0.3333333333,1,0.6666666667,0.6666666667,0.6666666667,0,0.3333333333,1,11.44714243,0.45,0.1166666667,0.08666666667,23.66666667,0.778,0.1833333333,1,840.5670336,991.3516141,5.833333333,11.44714243,0.1833333333,30,11.53846154,1,0,0.08666666667,2.5,0.08666666667,0.778,23.66666667,0.45,0.1833333333,60,0.39,140,1,1.1e-09,50,0,0,0.1166666667
00037,glassy_pc,CDP_drucker_prager_unified,morris,4,0,,0,FAIL,Design_00037_Results.csv,0.01,20000.0,RF2,11,1.0983156182549216,3.0069615598246773,0.8812889673493125,0.8024004691379735,0.12287187078897964,92.62587778122082,0.00026745276409201324,0.6686319102300331,0.03459442779421806,nan,129.34780431850893,at_final_position,0,0,2.2720391209640254,0.04107613565801233,9.207002699184674,0.0,5.937958672821864,964.0,1,FAIL,PASS,PASS,WARN,PASS,PASS,PASS,SKIP,PASS,WARN,,0,0.3333333333,0.6666666667,1,0,0,1,0.6666666667,5,0.15,0.1166666667,0.12,1,0.778,0.45,0.6666666667,367.1514699,433.0127019,5.833333333,5,0.3,30,8.333333333,1,0,0.12,2.5,0.12,0.778,1,0.15,0.45,60,0.39,140,0.6666666667,1.1e-09,50,0,21,0.1166666667
00038,glassy_pc,CDP_drucker_prager_unified,morris,4,1,h,1,FAIL,Design_00038_Results.csv,0.01,20000.0,RF2,11,1.0727687098763206,2.657835442262038,0.6917231516404585,0.6448017594773129,0.12287187078897964,90.4713925186657,0.00025559213827364147,0.6389803456841037,0.007281595375388861,nan,28.48912108397112,at_final_position,0,0,2.169007475270476,0.11639798673877991,22.518134300496026,0.0,11.319701153292277,746.0,1,FAIL,PASS,PASS,FAIL,PASS,PASS,PASS,SKIP,PASS,WARN,,0,1,0.6666666667,1,0,0,1,0.6666666667,5,0.45,0.1166666667,0.12,1,0.778,0.45,0.6666666667,367.1514699,433.0127019,5.833333333,5,0.3,30,8.333333333,1,0,0.12,2.5,0.12,0.778,1,0.45,0.45,60,0.39,140,0.6666666667,1.1e-09,50,0,21,0.1166666667
00039,glassy_pc,CDP_drucker_prager_unified,morris,4,2,w,-1,FAIL,Design_00039_Results.csv,0.01,20000.0,RF2,11,1.1078826189041138,2.8972617858524696,0.711442156271501,0.6421638395006499,0.12287187078897964,93.43270581692963,0.0006888795760460198,1.7221989401150495,0.018114333972334862,nan,26.295356405115363,at_final_position,0,0,6.986569441818663,0.4333614922651001,11.512115387952191,0.0,6.155894360573412,1552.0,1,FAIL,WARN,PASS,FAIL,PASS,PASS,PASS,SKIP,PASS,WARN,,0,1,0,1,0,0,1,0.6666666667,5,0.45,-0.35,0.12,1,0.778,0.45,0.6666666667,367.1514699,433.0127019,0,5,0.3,30,8.333333333,-1,0,0.12,2.5,0.12,0.778,1,0.45,0.45,60,0.39,140,0.6666666667,1.1e-09,50,17.5,21,-0.35
00040,glassy_pc,CDP_drucker_prager_unified,morris,4,3,eps_c,-1,FAIL,Design_00040_Results.csv,0.01,20000.0,RF2,11,1.1138275536623867,3.051537196151018,0.7481150410392068,0.6716614601419427,0.12287187078897964,93.93406880511334,0.0005678841844201088,1.419710461050272,0.019845934584736824,nan,34.94715142490254,at_final_position,0,0,6.08243633147987,0.4143903881881083,11.000059748115476,0.0,6.432050816499888,1198.0,1,FAIL,WARN,PASS,FAIL,PASS,PASS,PASS,SKIP,PASS,WARN,,0,1,0,0.3333333333,0,0,1,0.6666666667,5,0.45,-0.35,0.05333333333,1,0.778,0.45,0.6666666667,367.1514699,433.0127019,0,5,0.3,30,18.75,-1,0,0.05333333333,2.5,0.05333333333,0.778,1,0.45,0.45,60,0.39,140,0.6666666667,1.1e-09,50,17.5,21,-0.35
00041,glassy_pc,CDP_drucker_prager_unified,morris,4,4,phi,-1,FAIL,Design_00041_Results.csv,0.01,20000.0,RF2,11,1.108536265113137,3.0851808451411014,0.7629918564449657,0.6882876821058217,0.12287187078897964,93.48783073080943,0.0007020279881544411,1.7550699703861028,0.02063675783574581,nan,29.395918943342572,at_final_position,0,0,6.864066788920277,0.42747403669179185,12.844755555738407,0.0,5.603785068278629,1392.0,1,FAIL,WARN,PASS,FAIL,PASS,PASS,PASS,SKIP,PASS,WARN,,0,1,0,0.3333333333,0,0,1,0,5,0.45,-0.35,0.05333333333,1,0.778,0.45,0,367.1514699,433.0127019,0,5,0,30,18.75,-1,0,0.05333333333,2.5,0.05333333333,0.778,1,0.45,0.45,60,0.39,140,0,1.1e-09,50,17.5,63,-0.35
00043,glassy_pc,CDP_drucker_prager_unified,morris,4,6,mu_eff,-1,FAIL,Design_00043_Results.csv,0.01,20000.0,RF2,11,0.9875332929871299,3.009617297236943,0.48717550256035547,0.4933256488869633,0.12287187078897964,83.28310786151614,0.0002976579999085516,0.7441449997713789,0.009588132612407207,nan,32.21190969284527,at_final_position,0,0,1.577238962305869,0.048729731228844796,7.37617035116475,0.0,13.05650449795974,721.0,1,FAIL,PASS,PASS,WARN,PASS,PASS,PASS,SKIP,PASS,WARN,,0,1,0,0.3333333333,0,0.6666666667,0.3333333333,0,5,0.45,-0.35,0.05333333333,1,0.926,0.1833333333,0,367.1514699,433.0127019,0,5,0,30,18.75,-1,0,0.05333333333,2.5,0.05333333333,0.926,1,0.45,0.1833333333,60,0.39,140,0,1.1e-09,50,17.5,25.66666667,-0.35
00044,glassy_pc,CDP_drucker_prager_unified,morris,4,7,X,1,WARN,Design_00044_Results.csv,0.01,20000.0,RF2,11,2.4596431905573066,2.5501000698087424,1.2758007808165117,0.5186934372084434,0.12287187078897964,207.4327322377146,0.015704507008194923,39.26126752048731,0.020999668166041374,nan,1.3371746184126208,at_final_position,0,0,1.3077109581379598,0.019139767400453082,2.4668194104709373,0.0,2.8224531206239827,2825.0,1,PASS,PASS,PASS,WARN,PASS,PASS,PASS,SKIP,PASS,PASS,,0.6666666667,1,0,0.3333333333,0,0.6666666667,0.3333333333,0,26.20741394,0.45,-0.35,0.05333333333,1,0.926,0.1833333333,0,1924.41811,2269.628624,0,26.20741394,0,30,18.75,-1,0,0.05333333333,2.5,0.05333333333,0.926,1,0.45,0.1833333333,60,0.39,140,0,1.1e-09,50,17.5,25.66666667,-0.35
00045,glassy_pc,CDP_drucker_prager_unified,morris,4,8,beta,1,WARN,Design_00045_Results.csv,0.01,20000.0,RF2,11,2.618480834093961,2.2442245096207794,1.203233773058111,0.45951597483219714,0.12287187078897964,220.82822248910466,0.00896436721086502,22.410918027162552,0.019852254539728165,nan,2.21457399867185,at_final_position,0,0,1.1048187056503949,0.015229922907766596,2.629387393486107,0.0,3.082630154618585,2004.0,1,PASS,PASS,PASS,WARN,PASS,PASS,PASS,SKIP,PASS,PASS,,0.6666666667,1,0,0.3333333333,0.6666666667,0.6666666667,0.3333333333,0,26.20741394,0.45,-0.35,0.05333333333,23.66666667,0.926,0.1833333333,0,1924.41811,2269.628624,0,26.20741394,0,30,18.75,-1,0,0.05333333333,2.5,0.05333333333,0.926,23.66666667,0.45,0.1833333333,60,0.39,140,0,1.1e-09,50,17.5,25.66666667,-0.35
00046,glassy_pc,CDP_drucker_prager_unified,morris,5,0,,0,WARN,Design_00046_Results.csv,0.01,20000.0,RF2,11,3.133711663159457,2.2404213490104845,1.2584692564877598,0.4015906349274494,0.12287187078897964,264.2799471199211,0.007847344502806664,19.61836125701666,0.016114437952637672,nan,2.053489297796754,at_final_position,0,0,0.813828039051547,0.011926305703686465,2.3912197262927872,0.0,3.1617765699551303,2000.0,1,PASS,PASS,PASS,WARN,PASS,PASS,PASS,SKIP,PASS,PASS,,0.6666666667,0.3333333333,1,0,0.3333333333,0.6666666667,0.3333333333,0.6666666667,26.20741394,0.15,0.35,0.02,12.33333333,0.926,0.1833333333,0.6666666667,1924.41811,2269.628624,17.5,26.20741394,0.1222222222,30,50,1,0,0.02,2.5,0.02,0.926,12.33333333,0.15,0.1833333333,60,0.39,140,0.6666666667,1.1e-09,50,0,8.555555556,0.35
00047,glassy_pc,CDP_drucker_prager_unified,morris,5,1,h,1,WARN,Design_00047_Results.csv,0.01,20000.0,RF2,11,3.242326844822277,2.3125635342488136,1.2390315641056409,0.3821427090499127,0.12287187078897964,273.43995210816877,0.009790631011128426,24.476577527821064,0.014307425357401371,nan,1.4613384307036978,at_final_position,0,0,0.6729454967428766,0.011080221736713242,2.5856064026197383,0.0,3.3193831824923796,1566.0,1,PASS,PASS,PASS,WARN,PASS,PASS,PASS,SKIP,PASS,PASS,,0.6666666667,1,1,0,0.3333333333,0.6666666667,0.3333333333,0.6666666667,26.20741394,0.45,0.35,0.02,12.33333333,0.926,0.1833333333,0.6666666667,1924.41811,2269.628624,17.5,26.20741394,0.1222222222,30,50,1,0,0.02,2.5,0.02,0.926,12.33333333,0.45,0.1833333333,60,0.39,140,0.6666666667,1.1e-09,50,0,8.555555556,0.35
00048,glassy_pc,CDP_drucker_prager_unified,morris,5,2,beta,1,WARN,Design_00048_Results.csv,0.01,20000.0,RF2,11,3.446047999642112,1.9377849874036794,1.2254417484456843,0.35560785821118923,0.12287187078897964,290.6206699948659,0.009055144153535366,22.637860383838415,0.009935992769896984,nan,1.0972760456847848,at_final_position,0,0,0.738688567260572,0.010802854142448845,3.7791170620135284,0.0,3.996957745296032,1213.0,1,PASS,PASS,PASS,WARN,PASS,PASS,PASS,SKIP,PASS,PASS,,0.6666666667,1,1,0,1,0.6666666667,0.3333333333,0.6666666667,26.20741394,0.45,0.35,0.02,35,0.926,0.1833333333,0.6666666667,1924.41811,2269.628624,17.5,26.20741394,0.1222222222,30,50,1,0,0.02,2.5,0.02,0.926,35,0.45,0.1833333333,60,0.39,140,0.6666666667,1.1e-09,50,0,8.555555556,0.35
00049,glassy_pc,CDP_drucker_prager_unified,morris,5,3,mu_eff,1,WARN,Design_00049_Results.csv,0.01,20000.0,RF2,11,3.471668004989624,2.265596110936662,2.511235237121582,0.7233512056775969,0.12287187078897964,292.78131985236627,0.0022216024808585644,5.554006202146411,0.016794349998235703,nan,7.559565738216735,at_final_position,0,0,0.9029827083229429,0.011587653363167116,4.737711263679243,0.0,1.8295946569743422,1599.0,1,PASS,PASS,PASS,WARN,WARN,PASS,PASS,SKIP,PASS,PASS,,0.6666666667,1,1,0,1,0.6666666667,1,0.6666666667,26.20741394,0.45,0.35,0.02,35,0.926,0.45,0.6666666667,1924.41811,2269.628624,17.5,26.20741394,0.3,30,50,1,0,0.02,2.5,0.02,0.926,35,0.45,0.45,60,0.39,140,0.6666666667,1.1e-09,50,0,21,0.35
00050,glassy_pc,CDP_drucker_prager_unified,morris,5,4,X,-1,FAIL,Design_00050_Results.csv,0.01,20000.0,RF2,11,1.0447037003257058,3.136809632387378,0.5266076705672524,0.504073710472235,0.12287187078897964,88.10454450033889,0.0007075826870277524,1.768956717569381,0.0004914294695481658,nan,0.6945187870727132,at_final_position,0,0,6.787639097521217,0.26400881535465937,108.06999268739719,0.0,54.24852176480922,644.0,1,FAIL,WARN,PASS,FAIL,PASS,PASS,WARN,SKIP,PASS,WARN,,0,1,1,0,1,0.6666666667,1,0.6666666667,5,0.45,0.35,0.02,35,0.926,0.45,0.6666666667,367.1514699,433.0127019,17.5,5,0.3,30,50,1,0,0.02,2.5,0.02,0.926,35,0.45,0.45,60,0.39,140,0.6666666667,1.1e-09,50,0,21,0.35
00051,glassy_pc,CDP_drucker_prager_unified,morris,5,5,phi,-1,FAIL,Design_00051_Results.csv,0.01,20000.0,RF2,11,1.0425482825799421,3.1539916757843116,0.5817440585656599,0.5580020304921005,0.12287187078897964,87.92276846313403,0.0004961616359651089,1.2404040899127722,0.0008397694327868521,nan,1.6925319732820021,at_final_position,0,0,5.080835386694556,0.2185744918265101,106.70797235952844,0.0,37.783422264432396,662.0,1,FAIL,PASS,PASS,FAIL,PASS,PASS,PASS,SKIP,PASS,WARN,,0,1,1,0,1,0.6666666667,1,0,5,0.45,0.35,0.02,35,0.926,0.45,0,367.1514699,433.0127019,17.5,5,0,30,50,1,0,0.02,2.5,0.02,0.926,35,0.45,0.45,60,0.39,140,0,1.1e-09,50,0,63,0.35
00052,glassy_pc,CDP_drucker_prager_unified,morris,5,6,K,-1,FAIL,Design_00052_Results.csv,0.01,20000.0,RF2,11,1.0458434982733293,3.060924187624282,0.5803479010408575,0.5549089342707609,0.12287187078897964,88.20066876884343,0.00011860546510433778,0.29651366276084445,0.000843214278575033,nan,7.109404932000843,at_final_position,0,0,3.8966610639529704,0.17175937133416194,85.8129079205414,0.0,30.36289915646503,926.0,1,FAIL,PASS,PASS,FAIL,PASS,PASS,PASS,SKIP,PASS,WARN,,0,1,1,0,1,0,1,0,5,0.45,0.35,0.02,35,0.778,0.45,0,367.1514699,433.0127019,17.5,5,0,30,50,1,0,0.02,2.5,0.02,0.778,35,0.45,0.45,60,0.39,140,0,1.1e-09,50,0,63,0.35
00053,glassy_pc,CDP_drucker_prager_unified,morris,5,7,eps_c,1,FAIL,Design_00053_Results.csv,0.01,20000.0,RF2,11,0.9993381608616222,3.5369720452854443,0.6076779419725592,0.6080803933761757,0.12287187078897964,84.27866526850586,9.478982974542305e-05,0.23697457436355762,0.0021190494298934937,nan,22.355240383748157,at_final_position,0,0,3.8258141742844645,0.257728500799076,80.23000129712933,0.0,25.069590455819124,695.0,1,FAIL,PASS,PASS,FAIL,PASS,PASS,PASS,SKIP,PASS,WARN,,0,1,1,0.6666666667,1,0,1,0,5,0.45,0.35,0.08666666667,35,0.778,0.45,0,367.1514699,433.0127019,17.5,5,0,30,11.53846154,1,0,0.08666666667,2.5,0.08666666667,0.778,35,0.45,0.45,60,0.39,140,0,1.1e-09,50,0,63,0.35
00054,glassy_pc,CDP_drucker_prager_unified,morris,5,8,w,-1,FAIL,Design_00054_Results.csv,0.01,20000.0,RF2,11,1.08077134327455,3.469604332807031,0.7404540397904136,0.6851162777382365,0.12287187078897964,91.14629045396964,0.000332676456309855,0.8316911407746375,0.009832940995693207,nan,29.557069065731547,at_final_position,0,0,1.846772639502012,0.06104572758261765,20.11932400660482,0.0,9.596415618429349,585.0,1,FAIL,PASS,PASS,FAIL,PASS,PASS,PASS,SKIP,PASS,WARN,,0,1,0.3333333333,0.6666666667,1,0,1,0,5,0.45,-0.1166666667,0.08666666667,35,0.778,0.45,0,367.1514699,433.0127019,0,5,0,30,11.53846154,-1,0,0.08666666667,2.5,0.08666666667,0.778,35,0.45,0.45,60,0.39,140,0,1.1e-09,50,5.833333333,63,-0.1166666667
00055,glassy_pc,CDP_drucker_prager_unified,morris,6,0,,0,WARN,Design_00055_Results.csv,0.01,20000.0,RF2,11,3.232496911829168,1.991037922738708,0.6887172243811868,0.21306044310850197,0.12287187078897964,272.61094980966374,0.011012738570570946,27.531846426427364,0.00976943876594305,nan,0.887103485054087,at_final_position,0,0,0.7783953385288863,0.010895818375589271,3.238411985644407,0.0,4.760928770869004,1491.0,1,PASS,PASS,PASS,WARN,PASS,PASS,WARN,SKIP,PASS,PASS,,0.6666666667,0,0.6666666667,0,1,0,0,0.3333333333,26.20741394,0,0.1166666667,0.02,35,0.778,0.05,0.3333333333,1924.41811,2269.628624,5.833333333,26.20741394,0.01666666667,30,50,1,0,0.02,2.5,0.02,0.778,35,0,0.05,60,0.39,140,0.3333333333,1.1e-09,50,0,4.666666667,0.1166666667
00056,glassy_pc,CDP_drucker_prager_unified,morris,6,1,X,-1,WARN,Design_00056_Results.csv,0.01,20000.0,RF2,11,1.0555110519582576,3.204533117395679,0.01257500137117776,0.011913661489235705,0.12287187078897964,89.01597689264698,0.0005892489571124315,1.4731223927810788,1.891771717055235e-05,nan,0.03210479533685922,at_final_position,0,0,0.8900220832342262,0.19361138463988042,15.570993954992856,0.0,128.20387109124607,624.0,1,PASS,PASS,PASS,WARN,PASS,PASS,WARN,SKIP,PASS,WARN,,0,0,0.6666666667,0,1,0,0,0.3333333333,5,0,0.1166666667,0.02,35,0.778,0.05,0.3333333333,367.1514699,433.0127019,5.833333333,5,0.01666666667,30,50,1,0,0.02,2.5,0.02,0.778,35,0,0.05,60,0.39,140,0.3333333333,1.1e-09,50,0,4.666666667,0.1166666667
00057,glassy_pc,CDP_drucker_prager_unified,morris,6,2,phi,1,FAIL,Design_00057_Results.csv,0.01,20000.0,RF2,11,1.0568161010742188,3.2289830592391793,0.021346761760386555,0.020199126166499805,0.12287187078897964,89.1260375326892,0.0005519769038073719,1.3799422595184296,1.0128537724085618e-05,nan,0.018349567987758164,at_final_position,0,0,0.7518579958239434,0.18398286271198988,15.498804287128046,0.0,129.1007915915459,632.0,1,PASS,PASS,PASS,FAIL,PASS,PASS,WARN,SKIP,PASS,WARN,,0,0,0.6666666667,0,1,0,0,1,5,0,0.1166666667,0.02,35,0.778,0.05,1,367.1514699,433.0127019,5.833333333,5,0.05,30,50,1,0,0.02,2.5,0.02,0.778,35,0,0.05,60,0.39,140,1,1.1e-09,50,0,0,0.1166666667
00060,glassy_pc,CDP_drucker_prager_unified,morris,6,5,h,1,FAIL,Design_00060_Results.csv,0.01,20000.0,RF2,11,0.9682054844769564,3.2881941955781304,0.30774805491620844,0.31785407111431513,0.12287187078897964,81.65310715945324,0.0005462468252517283,1.3656170631293207,0.003322988050058484,nan,6.083308673743126,at_final_position,0,0,2.273631762332544,0.2088018092658476,58.460782899652784,0.0,57.566332379303695,490.0,1,FAIL,PASS,PASS,FAIL,PASS,PASS,WARN,SKIP,PASS,WARN,,0,0.6666666667,0,0,1,0,0.6666666667,1,5,0.3,-0.35,0.02,35,0.778,0.3166666667,1,367.1514699,433.0127019,0,5,0.3166666667,30,50,-1,0,0.02,2.5,0.02,0.778,35,0.3,0.3166666667,60,0.39,140,1,1.1e-09,50,17.5,0,-0.35
00061,glassy_pc,CDP_drucker_prager_unified,morris,6,6,eps_c,1,FAIL,Design_00061_Results.csv,0.01,20000.0,RF2,11,1.007281942801042,3.0936955041618934,0.2857892865484411,0.28372323021469087,0.12287187078897964,84.94859999656741,0.000624291889835149,1.5607297245878726,0.0007764559122733772,nan,1.2437385859335905,at_final_position,0,0,3.0940833732947244,0.3106738075430247,92.25460391614526,0.0,87.0322045315519,606.0,1,FAIL,PASS,PASS,FAIL,PASS,PASS,WARN,SKIP,PASS,WARN,,0,0.6666666667,0,0.6666666667,1,0,0.6666666667,1,5,0.3,-0.35,0.08666666667,35,0.778,0.3166666667,1,367.1514699,433.0127019,0,5,0.3166666667,30,11.53846154,-1,0,0.08666666667,2.5,0.08666666667,0.778,35,0.3,0.3166666667,60,0.39,140,1,1.1e-09,50,17.5,0,-0.35
00062,glassy_pc,CDP_drucker_prager_unified,morris,6,7,beta,-1,FAIL,Design_00062_Results.csv,0.01,20000.0,RF2,11,0.9747183106162332,3.6769298859823976,0.3870219019326297,0.3970602559912392,0.12287187078897964,82.20236297259143,0.00019298368715681136,0.4824592178920284,0.007536387536674738,nan,39.0519408542078,at_final_position,0,0,1.622396083182562,0.07396847093617365,17.64055480302389,0.0,20.97902740473275,772.0,1,FAIL,PASS,PASS,FAIL,PASS,PASS,WARN,SKIP,PASS,WARN,,0,0.6666666667,0,0.6666666667,0.3333333333,0,0.6666666667,1,5,0.3,-0.35,0.08666666667,12.33333333,0.778,0.3166666667,1,367.1514699,433.0127019,0,5,0.3166666667,30,11.53846154,-1,0,0.08666666667,2.5,0.08666666667,0.778,12.33333333,0.3,0.3166666667,60,0.39,140,1,1.1e-09,50,17.5,0,-0.35
00063,glassy_pc,CDP_drucker_prager_unified,morris,6,8,K,1,FAIL,Design_00063_Results.csv,0.01,20000.0,RF2,11,0.9402767419815063,3.5274326712858977,0.3699340982870622,0.3934310844565569,0.12287187078897964,79.29775115251871,0.00012928371143061668,0.3232092785765417,0.007233814336359501,nan,55.95302189511869,at_final_position,0,0,1.6142796288696095,0.1002599991332985,21.762273624725044,0.0,23.88826915820687,768.0,1,FAIL,PASS,PASS,FAIL,PASS,PASS,WARN,SKIP,PASS,WARN,,0,0.6666666667,0,0.6666666667,0.3333333333,0.6666666667,0.6666666667,1,5,0.3,-0.35,0.08666666667,12.33333333,0.926,0.3166666667,1,367.1514699,433.0127019,0,5,0.3166666667,30,11.53846154,-1,0,0.08666666667,2.5,0.08666666667,0.926,12.33333333,0.3,0.3166666667,60,0.39,140,1,1.1e-09,50,17.5,0,-0.35
00064,glassy_pc,CDP_drucker_prager_unified,morris,7,0,,0,WARN,Design_00064_Results.csv,0.01,20000.0,RF2,11,2.0609433434226294,2.4111098040285373,0.4819083674387498,0.23382902250890591,0.12287187078897964,173.80858750346707,0.002958177588880062,7.395443972200155,0.0029370628762990236,nan,0.9928622565932452,at_final_position,0,0,0.5342679110283872,0.02787410596678317,5.290161643837863,0.0,16.985798976783933,1107.0,1,PASS,PASS,PASS,WARN,PASS,PASS,PASS,SKIP,PASS,PASS,,0.3333333333,0,1,1,1,0,0.3333333333,0.3333333333,11.44714243,0,0.35,0.12,35,0.778,0.1833333333,0.3333333333,840.5670336,991.3516141,17.5,11.44714243,0.06111111111,30,8.333333333,1,0,0.12,2.5,0.12,0.778,35,0,0.1833333333,60,0.39,140,0.3333333333,1.1e-09,50,0,17.11111111,0.35
00070,glassy_pc,CDP_drucker_prager_unified,morris,7,6,h,1,WARN,Design_00070_Results.csv,0.01,20000.0,RF2,11,3.7836081114682285,3.7005692834940422,3.6771683259443804,0.9718681791591401,0.12287187078897964,319.08862687551186,0.005974769592285156,14.93692398071289,0.02037231996655464,nan,3.4097247855147645,at_final_position,0,0,2.3161521900099635,0.03381745418661951,5.2052958769260185,0.0,1.184538796810173,3280.0,1,PASS,PASS,PASS,WARN,WARN,PASS,WARN,SKIP,PASS,PASS,,1,0.6666666667,1,0.3333333333,0.3333333333,0,1,1,60,0.3,0.35,0.05333333333,12.33333333,0.778,0.45,1,4405.817639,5196.152423,17.5,60,0.45,30,18.75,1,0,0.05333333333,2.5,0.05333333333,0.778,12.33333333,0.3,0.45,60,0.39,140,1,1.1e-09,50,0,0,0.35
00071,glassy_pc,CDP_drucker_prager_unified,morris,7,7,K,1,WARN,Design_00071_Results.csv,0.01,20000.0,RF2,11,3.658827066421509,3.347057633636759,3.3887168927626177,0.926175747376038,0.12287187078897964,308.5652821867834,0.011137904599308968,27.84476149827242,0.021781714633107185,nan,1.9556384631323378,at_final_position,0,0,1.999957842303549,0.01964626391363853,5.628667176033531,0.0,1.073390686292127,2879.0,1,PASS,PASS,PASS,WARN,WARN,PASS,WARN,SKIP,PASS,PASS,,1,0.6666666667,1,0.3333333333,0.3333333333,0.6666666667,1,1,60,0.3,0.35,0.05333333333,12.33333333,0.926,0.45,1,4405.817639,5196.152423,17.5,60,0.45,30,18.75,1,0,0.05333333333,2.5,0.05333333333,0.926,12.33333333,0.3,0.45,60,0.39,140,1,1.1e-09,50,0,0,0.35
00072,glassy_pc,CDP_drucker_prager_unified,morris,7,8,w,-1,WARN,Design_00072_Results.csv,0.01,20000.0,RF2,11,2.806322314522483,4.742761115272291,2.6798306811939585,0.9549261919509598,0.12287187078897964,236.66973627551565,0.012391328811645508,30.97832202911377,0.025257550179958344,nan,2.038324586804687,at_final_position,0,0,2.913880592913036,0.03477011201309057,4.890790591657124,0.0,1.695973698327611,2528.0,1,PASS,PASS,PASS,WARN,PASS,PASS,WARN,SKIP,PASS,PASS,,1,0.6666666667,0.3333333333,0.3333333333,0.3333333333,0.6666666667,1,1,60,0.3,-0.1166666667,0.05333333333,12.33333333,0.926,0.45,1,4405.817639,5196.152423,0,60,0.45,30,18.75,-1,0,0.05333333333,2.5,0.05333333333,0.926,12.33333333,0.3,0.45,60,0.39,140,1,1.1e-09,50,5.833333333,0,-0.1166666667
00073,glassy_pc,CDP_drucker_prager_unified,morris,8,0,,0,WARN,Design_00073_Results.csv,0.01,20000.0,RF2,11,1.8396335731853137,2.630124784747513,1.7106725085865369,0.9298985045290941,0.12287187078897964,155.1445428617621,0.0006976674194447696,1.744168548611924,0.029658406972885132,nan,42.5108098017368,at_final_position,0,0,1.9773438046914684,0.03645722280937309,3.8580559980378064,0.0,2.670747486291954,1448.0,1,PASS,PASS,PASS,WARN,PASS,PASS,PASS,SKIP,PASS,WARN,,0.3333333333,0.6666666667,0,1,0,0.3333333333,0.6666666667,0,11.44714243,0.3,-0.35,0.12,1,0.852,0.3166666667,0,840.5670336,991.3516141,0,11.44714243,0,30,8.333333333,-1,0,0.12,2.5,0.12,0.852,1,0.3,0.3166666667,60,0.39,140,0,1.1e-09,50,17.5,44.33333333,-0.35
00074,glassy_pc,CDP_drucker_prager_unified,morris,8,1,mu_eff,-1,WARN,Design_00074_Results.csv,0.01,20000.0,RF2,11,1.6212677413767034,2.4904815775290725,0.35186650536277075,0.21703170696777233,0.12287187078897964,136.7287737399172,0.006487282924354076,16.21820731088519,0.013526049442589283,nan,2.0850099495138084,at_final_position,0,0,0.9082493096028335,0.02373059405535613,2.4338988899283907,0.0,9.457622591707798,1091.0,1,PASS,PASS,PASS,WARN,PASS,PASS,PASS,SKIP,PASS,PASS,,0.3333333333,0.6666666667,0,1,0,0.3333333333,0,0,11.44714243,0.3,-0.35,0.12,1,0.852,0.05,0,840.5670336,991.3516141,0,11.44714243,0,30,8.333333333,-1,0,0.12,2.5,0.12,0.852,1,0.3,0.05,60,0.39,140,0,1.1e-09,50,17.5,7,-0.35
00075,glassy_pc,CDP_drucker_prager_unified,morris,8,2,h,-1,WARN,Design_00075_Results.csv,0.01,20000.0,RF2,11,1.4656430157748135,3.180310227664382,0.33955127000808716,0.23167392492815386,0.12287187078897964,123.604243255465,0.008389567956328392,20.97391989082098,0.015394140966236591,nan,1.834914628067889,at_final_position,0,0,3.1906697491148726,0.03437257610749659,4.964282763094513,0.0,9.767993485050484,1954.0,1,PASS,PASS,PASS,WARN,PASS,PASS,PASS,SKIP,PASS,PASS,,0.3333333333,0,0,1,0,0.3333333333,0,0,11.44714243,0,-0.35,0.12,1,0.852,0.05,0,840.5670336,991.3516141,0,11.44714243,0,30,8.333333333,-1,0,0.12,2.5,0.12,0.852,1,0,0.05,60,0.39,140,0,1.1e-09,50,17.5,7,-0.35
00076,glassy_pc,CDP_drucker_prager_unified,morris,8,3,K,1,WARN,Design_00076_Results.csv,0.01,20000.0,RF2,11,1.4712263345718384,3.0175215386720877,0.33568592775951733,0.22816742731648415,0.12287187078897964,124.07510954918895,0.0077135260216891766,19.28381505422294,0.01635190099477768,nan,2.1198996345897845,at_final_position,0,0,2.544823407607318,0.030870475003081557,4.596044500828103,0.0,9.835422037828481,1991.0,1,PASS,PASS,PASS,WARN,PASS,PASS,PASS,SKIP,PASS,PASS,,0.3333333333,0,0,1,0,1,0,0,11.44714243,0,-0.35,0.12,1,1,0.05,0,840.5670336,991.3516141,0,11.44714243,0,30,8.333333333,-1,0,0.12,2.5,0.12,1,1,0,0.05,60,0.39,140,0,1.1e-09,50,17.5,7,-0.35
00077,glassy_pc,CDP_drucker_prager_unified,morris,8,4,phi,1,WARN,Design_00077_Results.csv,0.01,20000.0,RF2,11,1.51970666105097,2.6216841742447383,0.2876556542786685,0.1892836700996869,0.12287187078897964,128.16367272776287,0.007325326558202505,18.313316395506263,0.016425233334302902,nan,2.242252711029082,at_final_position,0,0,1.7897105020694426,0.02622516797980189,3.3640543440098676,0.0,10.423757911799662,1712.0,1,PASS,PASS,PASS,WARN,PASS,PASS,WARN,SKIP,PASS,PASS,,0.3333333333,0,0,1,0,1,0,0.6666666667,11.44714243,0,-0.35,0.12,1,1,0.05,0.6666666667,840.5670336,991.3516141,0,11.44714243,0.03333333333,30,8.333333333,-1,0,0.12,2.5,0.12,1,1,0,0.05,60,0.39,140,0.6666666667,1.1e-09,50,17.5,2.333333333,-0.35
00078,glassy_pc,CDP_drucker_prager_unified,morris,8,5,X,1,WARN,Design_00078_Results.csv,0.01,20000.0,RF2,11,2.0144087184559214,4.056886384101131,0.6227115826173262,0.309128716983833,0.12287187078897964,169.88411405237497,0.02716439589858055,67.91098974645138,0.03132468834519386,nan,1.1531524007434564,at_final_position,0,0,7.722470468717707,0.03489693673116634,5.429463394874832,0.0,4.32201370834412,5907.0,1,PASS,WARN,PASS,WARN,PASS,PASS,PASS,SKIP,PASS,PASS,,1,0,0,1,0,1,0,0.6666666667,60,0,-0.35,0.12,1,1,0.05,0.6666666667,4405.817639,5196.152423,0,60,0.03333333333,30,8.333333333,-1,0,0.12,2.5,0.12,1,1,0,0.05,60,0.39,140,0.6666666667,1.1e-09,50,17.5,2.333333333,-0.35
00079,glassy_pc,CDP_drucker_prager_unified,morris,8,6,w,1,WARN,Design_00079_Results.csv,0.01,20000.0,RF2,11,2.9478534785183994,2.9922894535162126,0.9179717627438632,0.3114034565941991,0.12287187078897964,248.60569355467086,0.021174853667616844,52.93713416904211,0.026656169444322586,nan,1.2588596768009044,at_final_position,0,0,2.096794075948896,0.015645137408219382,3.036124732185644,0.0,2.8919534788250645,3173.0,1,PASS,PASS,PASS,WARN,PASS,PASS,PASS,SKIP,PASS,PASS,,1,0,0.6666666667,1,0,1,0,0.6666666667,60,0,0.1166666667,0.12,1,1,0.05,0.6666666667,4405.817639,5196.152423,5.833333333,60,0.03333333333,30,8.333333333,1,0,0.12,2.5,0.12,1,1,0,0.05,60,0.39,140,0.6666666667,1.1e-09,50,0,2.333333333,0.1166666667
00080,glassy_pc,CDP_drucker_prager_unified,morris,8,7,beta,1,WARN,Design_00080_Results.csv,0.01,20000.0,RF2,11,3.703082973306829,2.4530168656937623,1.1162335872650146,0.30143358798904396,0.12287187078897964,312.2975811308428,0.01879029907286167,46.97574768215418,0.021091628819704056,nan,1.1224743543420304,at_final_position,0,0,1.2620472548688166,0.009485113788128574,1.9582426453518031,0.0,2.4142781384642564,2429.0,1,PASS,PASS,PASS,WARN,WARN,PASS,PASS,SKIP,PASS,PASS,,1,0,0.6666666667,1,0.6666666667,1,0,0.6666666667,60,0,0.1166666667,0.12,23.66666667,1,0.05,0.6666666667,4405.817639,5196.152423,5.833333333,60,0.03333333333,30,8.333333333,1,0,0.12,2.5,0.12,1,23.66666667,0,0.05,60,0.39,140,0.6666666667,1.1e-09,50,0,2.333333333,0.1166666667
00081,glassy_pc,CDP_drucker_prager_unified,morris,8,8,eps_c,-1,WARN,Design_00081_Results.csv,0.01,20000.0,RF2,11,3.7424089041623203,2.4047189503732675,1.1206919930197976,0.2994573873991589,0.12287187078897964,315.61411310444896,0.01865372620522976,46.6343155130744,0.02105826698243618,nan,1.1289040458057267,at_final_position,0,0,1.2724592375167987,0.009233261315181134,2.127061780047421,0.0,2.4081650093596387,2272.0,1,PASS,PASS,PASS,WARN,WARN,PASS,PASS,SKIP,PASS,PASS,,1,0,0.6666666667,0.3333333333,0.6666666667,1,0,0.6666666667,60,0,0.1166666667,0.05333333333,23.66666667,1,0.05,0.6666666667,4405.817639,5196.152423,5.833333333,60,0.03333333333,30,18.75,1,0,0.05333333333,2.5,0.05333333333,1,23.66666667,0,0.05,60,0.39,140,0.6666666667,1.1e-09,50,0,2.333333333,0.1166666667
00082,glassy_pc,CDP_drucker_prager_unified,morris,9,0,,0,WARN,Design_00082_Results.csv,0.01,20000.0,RF2,11,2.9345578930594702,3.7643093646811967,2.9869311072609643,1.0178470543468787,0.12287187078897964,247.48441725368804,0.012099035084247589,30.247587710618973,0.022324008867144585,nan,1.8451065487205225,at_final_position,0,0,2.6410058327226325,0.02154365646746358,2.883043092338017,0.0,1.6149926281524816,3705.0,1,PASS,PASS,PASS,WARN,PASS,PASS,PASS,SKIP,PASS,PASS,,1,0.3333333333,1,1,0.3333333333,0.3333333333,1,0,60,0.15,0.35,0.12,12.33333333,0.852,0.45,0,4405.817639,5196.152423,17.5,60,0,30,8.333333333,1,0,0.12,2.5,0.12,0.852,12.33333333,0.15,0.45,60,0.39,140,0,1.1e-09,50,0,63,0.35
00083,glassy_pc,CDP_drucker_prager_unified,morris,9,1,K,1,WARN,Design_00083_Results.csv,0.01,20000.0,RF2,11,2.905389742417769,3.6593273998582516,2.76413275978782,0.9513810555025916,0.12287187078897964,245.02453640383257,0.025063736364245415,62.65934091061354,0.02331845834851265,nan,0.9303664070524423,at_final_position,0,0,2.2470721956333244,0.016545830372877466,3.6313259027695453,0.0,1.6244153869175968,4634.0,1,PASS,PASS,PASS,WARN,PASS,PASS,PASS,SKIP,PASS,PASS,,1,0.3333333333,1,1,0.3333333333,1,1,0,60,0.15,0.35,0.12,12.33333333,1,0.45,0,4405.817639,5196.152423,17.5,60,0,30,8.333333333,1,0,0.12,2.5,0.12,1,12.33333333,0.15,0.45,60,0.39,140,0,1.1e-09,50,0,63,0.35
00084,glassy_pc,CDP_drucker_prager_unified,morris,9,2,X,-1,FAIL,Design_00084_Results.csv,0.01,20000.0,RF2,11,1.93648222359744,2.3555315481665637,1.6416895931417292,0.84776899737914,0.12287187078897964,163.31222354229635,0.0011390901636332273,2.8477254090830684,0.021265506744384766,nan,18.668852934834042,at_final_position,0,0,1.2137858862495898,0.020308397732094544,4.937007613658127,0.0,2.668050344449213,987.0,1,FAIL,PASS,PASS,WARN,PASS,PASS,PASS,SKIP,PASS,WARN,,0.3333333333,0.3333333333,1,1,0.3333333333,1,1,0,11.44714243,0.15,0.35,0.12,12.33333333,1,0.45,0,840.5670336,991.3516141,17.5,11.44714243,0,30,8.333333333,1,0,0.12,2.5,0.12,1,12.33333333,0.15,0.45,60,0.39,140,0,1.1e-09,50,0,63,0.35
00085,glassy_pc,CDP_drucker_prager_unified,morris,9,3,mu_eff,-1,WARN,Design_00085_Results.csv,0.01,20000.0,RF2,11,1.900774273005399,2.4658372287136987,0.5901292779228904,0.31046783739860423,0.12287187078897964,160.30081205694262,0.0054960595443844795,13.740148860961199,0.006114926654845476,nan,1.1126019660928375,at_final_position,0,0,0.7936131167056147,0.042270522185475126,8.694630460218326,0.0,11.677602155461567,902.0,1,PASS,PASS,PASS,WARN,PASS,PASS,PASS,SKIP,PASS,PASS,,0.3333333333,0.3333333333,1,1,0.3333333333,1,0.3333333333,0,11.44714243,0.15,0.35,0.12,12.33333333,1,0.1833333333,0,840.5670336,991.3516141,17.5,11.44714243,0,30,8.333333333,1,0,0.12,2.5,0.12,1,12.33333333,0.15,0.1833333333,60,0.39,140,0,1.1e-09,50,0,25.66666667,0.35
00086,glassy_pc,CDP_drucker_prager_unified,morris,9,4,beta,1,WARN,Design_00086_Results.csv,0.01,20000.0,RF2,11,2.0701753334565596,2.4457875129029056,0.46291893449696625,0.22361339496980345,0.12287187078897964,174.5871625927651,0.0030287213157862425,7.571803289465606,0.00257927761413157,nan,0.8516061219260779,at_final_position,0,0,0.5545993665726715,0.02882776043096349,5.328522529716601,0.0,17.897625167402822,909.0,1,PASS,PASS,PASS,WARN,PASS,PASS,PASS,SKIP,PASS,PASS,,0.3333333333,0.3333333333,1,1,1,1,0.3333333333,0,11.44714243,0.15,0.35,0.12,35,1,0.1833333333,0,840.5670336,991.3516141,17.5,11.44714243,0,30,8.333333333,1,0,0.12,2.5,0.12,1,35,0.15,0.1833333333,60,0.39,140,0,1.1e-09,50,0,25.66666667,0.35
00087,glassy_pc,CDP_drucker_prager_unified,morris,9,5,h,1,WARN,Design_00087_Results.csv,0.01,20000.0,RF2,11,2.0716226426037876,2.420651729428041,0.46131306344812567,0.2226819952442251,0.12287187078897964,174.7092206587296,0.003037808695808053,7.5945217395201325,0.0025820420123636723,nan,0.8499686026729384,at_final_position,0,0,0.5548487816662651,0.028814131352263874,5.342665763949635,0.0,17.97861189039442,907.0,1,PASS,PASS,PASS,WARN,PASS,PASS,PASS,SKIP,PASS,PASS,,0.3333333333,1,1,1,1,1,0.3333333333,0,11.44714243,0.45,0.35,0.12,35,1,0.1833333333,0,840.5670336,991.3516141,17.5,11.44714243,0,30,8.333333333,1,0,0.12,2.5,0.12,1,35,0.45,0.1833333333,60,0.39,140,0,1.1e-09,50,0,25.66666667,0.35
00088,glassy_pc,CDP_drucker_prager_unified,morris,9,6,eps_c,-1,WARN,Design_00088_Results.csv,0.01,20000.0,RF2,11,2.1091988303444604,2.4179572007886985,0.4415507533333518,0.20934524852796388,0.12287187078897964,177.8781889546388,0.0026495270431041718,6.623817607760429,0.002140514552593231,nan,0.8078855274054556,at_final_position,0,0,0.5519580741112021,0.03137032278320061,5.673640984188195,0.0,19.936798251330384,846.0,1,PASS,PASS,PASS,WARN,PASS,PASS,PASS,SKIP,PASS,PASS,,0.3333333333,1,1,0.3333333333,1,1,0.3333333333,0,11.44714243,0.45,0.35,0.05333333333,35,1,0.1833333333,0,840.5670336,991.3516141,17.5,11.44714243,0,30,18.75,1,0,0.05333333333,2.5,0.05333333333,1,35,0.45,0.1833333333,60,0.39,140,0,1.1e-09,50,0,25.66666667,0.35
00089,glassy_pc,CDP_drucker_prager_unified,morris,9,7,w,-1,WARN,Design_00089_Results.csv,0.01,20000.0,RF2,11,1.8611734780398281,2.4411286526905758,0.5641221458261664,0.3031002496448074,0.12287187078897964,156.96109956123195,0.00504284119233489,12.607102980837226,0.00558787677437067,nan,1.1080810521783302,at_final_position,0,0,0.755725474362739,0.038413693196780715,7.363475933461042,0.0,12.614271198922399,910.0,1,PASS,PASS,PASS,WARN,PASS,PASS,PASS,SKIP,PASS,PASS,,0.3333333333,1,0.3333333333,0.3333333333,1,1,0.3333333333,0,11.44714243,0.45,-0.1166666667,0.05333333333,35,1,0.1833333333,0,840.5670336,991.3516141,0,11.44714243,0,30,18.75,-1,0,0.05333333333,2.5,0.05333333333,1,35,0.45,0.1833333333,60,0.39,140,0,1.1e-09,50,5.833333333,25.66666667,-0.1166666667
00090,glassy_pc,CDP_drucker_prager_unified,morris,9,8,phi,1,WARN,Design_00090_Results.csv,0.01,20000.0,RF2,11,1.8817275762557983,2.4241729006381716,0.5532403642481024,0.2940066198896455,0.12287187078897964,158.69451876934684,0.004855284001678228,12.138210004195571,0.005725621711462736,nan,1.1792557777225134,at_final_position,0,0,0.6381525422355219,0.03389216844265988,6.110460510477277,0.0,12.410576689125552,719.0,1,PASS,PASS,PASS,WARN,PASS,PASS,PASS,SKIP,PASS,PASS,,0.3333333333,1,0.3333333333,0.3333333333,1,1,0.3333333333,0.6666666667,11.44714243,0.45,-0.1166666667,0.05333333333,35,1,0.1833333333,0.6666666667,840.5670336,991.3516141,0,11.44714243,0.1222222222,30,18.75,-1,0,0.05333333333,2.5,0.05333333333,1,35,0.45,0.1833333333,60,0.39,140,0.6666666667,1.1e-09,50,5.833333333,8.555555556,-0.1166666667
