id,status,traj,step,moved,sign,file,error,z_extraction [mm],wallclock [s],KE_IE_steady_max [%],KE_IE_overall_max [%],AE_IE_final [%],E_ref [mJ],ETOTAL_drift [%],ALLIE_max [mJ],ALLPW [%],KE_final_over_IE_peak [%],F_n [N],F_t [N],SCOF_mean [-],SCOF_std [-],h_r [mm],h_p [mm],h_fp [mm],quality_flags,in_design,u_X,g_X,u_h,g_h,u_w,g_w,u_eps_c,g_eps_c,u_beta,g_beta,u_K,g_K,u_mu_eff,g_mu_eff,u_phi,g_phi
00001,SUSPECT,0,0,,0,Design_00001_Results.csv,,2.0,6180.0,0.04707958419497372,0.6857335300147995,4.207502914767262,0.7796151041984558,0.3997112220083975,0.6393610835075378,3.3961751891527765,0.0002510084157397288,4.50502347946167,1.6309428215026855,0.2685631934176126,0.06569778665770132,0.028236889824779402,0.02772190343892155,0.045009254851655606,AE_IE_final=4.21%>2; ALLPW=3.4%>2,1,1.0,60.0,0.0,0.0,0.3333333333,-0.1166666667,0.0,0.05,0.0,1.0,0.6666666667,0.926,0.0,0.05,0.3333333333,0.3166666667
00002,SUSPECT,0,1,w,1,Design_00002_Results.csv,,2.0,4543.0,0.037217611421016636,0.6857335300147995,1.9688499856018453,0.9497119188308716,0.07543686825800347,0.7985171675682068,2.8551555880112383,0.00030422581537973095,6.4596028327941895,2.102965831756592,0.24070079526060892,0.06251625706845484,0.026388137966290658,0.024001022596998586,0.03414582586127228,ALLPW=2.86%>2,1,1.0,60.0,0.0,0.0,1.0,0.35,0.0,0.05,0.0,1.0,0.6666666667,0.926,0.0,0.05,0.3333333333,0.3166666667
00003,SUSPECT,0,2,K,-1,Design_00003_Results.csv,,2.0,7492.0,0.037122059224939295,0.6857335300147995,2.097356524340679,0.9634397625923157,0.06391543975604307,0.8110294342041016,3.021675020603091,0.0002554371193502109,6.4919023513793945,2.1464011669158936,0.24350895370091188,0.0630291177929561,0.026421864962279773,0.02499509816458288,0.03808685584299757,AE_IE_final=2.1%>2; ALLPW=3.02%>2,1,1.0,60.0,0.0,0.0,1.0,0.35,0.0,0.05,0.0,1.0,0.0,0.778,0.0,0.05,0.3333333333,0.3166666667
00004,SUSPECT,0,3,beta,1,Design_00004_Results.csv,,2.0,3706.0,0.03320387470628055,0.6857335300147995,1.4679461024490308,1.0646272897720337,0.19008256145822613,0.9131358861923218,2.210820188380785,0.0006521189756337067,7.885935306549072,2.443185806274414,0.21986374841772063,0.06301770608227196,0.024079676692020727,0.019473273648241342,0.0283530960054499,ALLPW=2.21%>2,1,1.0,60.0,0.0,0.0,1.0,0.35,0.0,0.05,0.6666666667,23.66666667,0.0,0.778,0.0,0.05,0.3333333333,0.3166666667
00005,SUSPECT,0,4,phi,1,Design_00005_Results.csv,,2.0,3728.0,0.03058413182298465,0.6110212024330314,1.5103998170969681,1.1068055629730225,0.21034556787732922,0.928532600402832,2.1243749904411175,0.0005344614930990396,7.963661193847656,2.5490787029266357,0.23062394117908622,0.06418881638423024,0.024231738303807197,0.019975742442091056,0.029803813113006665,ALLPW=2.12%>2,1,1.0,60.0,0.0,0.0,1.0,0.35,0.0,0.05,0.6666666667,23.66666667,0.0,0.778,0.0,0.05,1.0,0.95
00006,SUSPECT,0,5,h,1,Design_00006_Results.csv,,2.0,5015.0,0.03032268239851362,0.6110212024330314,1.31757950165384,1.142844557762146,0.21112409544298844,0.9544086456298828,2.0892752135080515,0.0011501382582872126,8.434709548950195,2.660919189453125,0.2310964383035247,0.06232673249064399,0.023622210793811244,0.017567418506677673,0.02551261682642142,ALLPW=2.09%>2,1,1.0,60.0,0.6666666667,0.3,1.0,0.35,0.0,0.05,0.6666666667,23.66666667,0.0,0.778,0.0,0.05,1.0,0.95
00007,SUSPECT,0,6,eps_c,1,Design_00007_Results.csv,,2.0,6441.0,0.0308685645102937,0.6110212024330314,1.3564396847782954,1.1187412738800049,0.23231041552606685,0.9366272687911987,2.2154764740563397,0.0009522888727550131,8.080244064331055,2.5868947505950928,0.23636057372246397,0.06255192993131485,0.02418478155215613,0.017943510140795794,0.02628333733714826,ALLPW=2.22%>2,1,1.0,60.0,0.6666666667,0.3,1.0,0.35,0.6666666667,0.15,0.6666666667,23.66666667,0.0,0.778,0.0,0.05,1.0,0.95
00008,SUSPECT,0,7,mu_eff,1,Design_00008_Results.csv,,2.0,6251.0,0.029341920178798036,0.6012105429377039,1.8825055545800846,2.5188357830047607,0.12688901244164208,1.5802100896835327,2.5824289669347054,0.0007715094377098414,7.5557122230529785,5.475529193878174,0.6074957000398425,0.08863017120182329,0.025313302346763655,0.01973211895789228,0.04732882418260348,ALLPW=2.58%>2,1,1.0,60.0,0.6666666667,0.3,1.0,0.35,0.6666666667,0.15,0.6666666667,23.66666667,0.0,0.778,0.6666666667,0.3166666667,1.0,0.95
00009,SUSPECT,0,8,X,-1,Design_00009_Results.csv,,2.0,4323.0,0.09702176311223216,1.202895241984617,0.983000616428926,1.3998852968215942,0.06298385373729179,0.726847231388092,2.7133411191893377,0.004634466808946459,5.315669536590576,3.3122570514678955,0.4981117394533252,0.08273884449737269,0.015101675146528345,0.013081445959383126,0.030863868179698575,ALLPW=2.71%>2,1,0.3333333333,20.51971136,0.6666666667,0.3,1.0,0.35,0.6666666667,0.15,0.6666666667,23.66666667,0.0,0.778,0.6666666667,0.3166666667,1.0,0.95
00010,SUSPECT,1,0,,0,Design_00010_Results.csv,,2.0,2799.0,0.04406249444506251,0.8353883205124509,1.2048261277536283,0.7157557010650635,0.15281609821401507,0.5914879441261292,2.2300464058956124,0.0004692023500307297,5.607125759124756,1.6390037536621094,0.20933143876345173,0.0606543241379526,0.022562014589035825,0.01943473619710922,0.026146059741603285,ALLPW=2.23%>2,1,0.6666666667,35.08821286,0.0,0.0,0.6666666667,0.1166666667,0.0,0.05,0.3333333333,12.33333333,0.6666666667,0.926,0.0,0.05,1.0,0.95
00011,SUSPECT,1,1,X,-1,Design_00011_Results.csv,,2.0,1511.0,0.13088048700241542,1.9694635915096075,0.644658091855412,0.22549745440483093,0.11502934207227469,0.14990869164466858,3.5643261314866876,0.007945238145674783,3.6104648113250732,0.5346572399139404,0.10452288876766931,0.03317241620329292,0.00898067723629322,0.00514953119153759,0.0058388283750733586,ALLPW=3.56%>2,1,0.0,12.0,0.0,0.0,0.6666666667,0.1166666667,0.0,0.05,0.3333333333,12.33333333,0.6666666667,0.926,0.0,0.05,1.0,0.95
00012,SUSPECT,1,2,w,-1,Design_00012_Results.csv,,2.0,2029.0,0.13088048700241542,1.9694635915096075,0.8861134477282092,0.26228928565979004,0.13355988227658594,0.2029903382062912,2.186923145840321,0.0016589897912727511,2.9780938625335693,0.6050188541412354,0.1433871317143589,0.05182581689075798,0.014851226139136408,0.012610365539899613,0.01658190709186024,ALLPW=2.19%>2,1,0.0,12.0,0.0,0.0,0.0,-0.35,0.0,0.05,0.3333333333,12.33333333,0.6666666667,0.926,0.0,0.05,1.0,0.95
00013,MISSING,1,3,mu_eff,1,,no *_Results.csv for this design id,,,,,,,,,,,,,,,,,,,1,0.0,12.0,0.0,0.0,0.0,-0.35,0.0,0.05,0.3333333333,12.33333333,0.6666666667,0.926,0.6666666667,0.3166666667,1.0,0.95
00014,SUSPECT,1,4,beta,1,Design_00014_Results.csv,,2.0,1733.0,0.37006355851094797,1.961015064476065,2.110403283398199,0.7788034677505493,1.286745199658599,0.39171895384788513,3.0750539236718013,0.002380500079259039,2.828329563140869,1.6917837858200073,0.460135453423122,0.08283921776547155,0.017343118926929062,0.013747957117895376,0.03962381756821984,AE_IE_final=2.11%>2; ETOTAL_drift=1.29%>1; ALLPW=3.08%>2,1,0.0,12.0,0.0,0.0,0.0,-0.35,0.0,0.05,1.0,35.0,0.6666666667,0.926,0.6666666667,0.3166666667,1.0,0.95
00015,SUSPECT,1,5,K,-1,Design_00015_Results.csv,,2.0,2947.0,0.48347783522319626,1.961015064476065,3.1683090057989145,0.780733585357666,1.728715259667187,0.40718576312065125,3.53726887875103,0.00343051908997962,2.8464503288269043,1.6895915269851685,0.4624960707047808,0.0821773043133151,0.018834154888137902,0.012943344480588424,0.04534942803708169,AE_IE_final=3.17%>2; ETOTAL_drift=1.73%>1; ALLPW=3.54%>2,1,0.0,12.0,0.0,0.0,0.0,-0.35,0.0,0.05,1.0,35.0,0.0,0.778,0.6666666667,0.3166666667,1.0,0.95
00016,MISSING,1,6,phi,-1,,no *_Results.csv for this design id,,,,,,,,,,,,,,,,,,,1,0.0,12.0,0.0,0.0,0.0,-0.35,0.0,0.05,1.0,35.0,0.0,0.778,0.6666666667,0.3166666667,0.3333333333,0.3166666667
00017,MISSING,1,7,eps_c,1,,no *_Results.csv for this design id,,,,,,,,,,,,,,,,,,,1,0.0,12.0,0.0,0.0,0.0,-0.35,0.6666666667,0.15,1.0,35.0,0.0,0.778,0.6666666667,0.3166666667,0.3333333333,0.3166666667
00018,SUSPECT,1,8,h,1,Design_00018_Results.csv,,2.0,2092.0,2.32625312347163,12.051502766678661,1.601630166067928,1.061387062072754,0.33154996428394934,0.5499995946884155,2.5007581237168055,0.00442663535185193,3.4831998348236084,2.6439638137817383,0.5786796302337183,0.09761241309567507,0.011895729416309493,0.012818527530542615,0.040125501506832965,ALLPW=2.5%>2,1,0.0,12.0,0.6666666667,0.3,0.0,-0.35,0.6666666667,0.15,1.0,35.0,0.0,0.778,0.6666666667,0.3166666667,0.3333333333,0.3166666667
00019,SUSPECT,2,0,,0,Design_00019_Results.csv,,2.0,14625.0,0.08832631437508429,1.202895241984617,0.8190423165799549,1.274142861366272,0.12814117278871212,0.61490797996521,2.1358567171908307,0.003006641899398972,5.006682872772217,2.9492835998535156,0.4960602623715475,0.06397799914320751,0.016336793342587377,0.014343208845634068,0.023002507974062395,ALLPW=2.14%>2,1,0.3333333333,20.51971136,1.0,0.45,1.0,0.35,1.0,0.2,0.0,1.0,1.0,1.0,0.6666666667,0.3166666667,1.0,0.95
00020,SUSPECT,2,1,X,1,Design_00020_Results.csv,,2.0,15657.0,0.03399507045788572,0.6012105429377039,1.5500635398441014,2.1727044582366943,0.17553664919598774,1.2159620523452759,2.0754662949003637,0.0007910947275391362,7.065279006958008,4.740057945251465,0.5771046574334174,0.06806461646283131,0.02510260318619266,0.020489608716658433,0.03430197066789803,ALLPW=2.08%>2,1,1.0,60.0,1.0,0.45,1.0,0.35,1.0,0.2,0.0,1.0,1.0,1.0,0.6666666667,0.3166666667,1.0,0.95
00021,OK,2,2,phi,-1,Design_00021_Results.csv,,2.0,18429.0,0.038350793840263644,0.650074848255798,1.3031496233954296,2.043137311935425,0.21131642845665324,1.1621718406677246,1.4964582145258922,0.0007237091679312109,7.110874176025391,4.354096412658691,0.5514425804089528,0.03579425113375333,0.025204692478156605,0.020463103293171574,0.033109660915295706,,1,1.0,60.0,1.0,0.45,1.0,0.35,1.0,0.2,0.0,1.0,1.0,1.0,0.6666666667,0.3166666667,0.3333333333,0.3166666667
00022,OK,2,3,w,-1,Design_00022_Results.csv,,2.0,4021.0,0.040376446466695824,0.650074848255798,1.82474644537856,2.00872540473938,0.31113838624698154,1.1408740282058716,1.7103420999845107,0.0003073789984172891,6.2373809814453125,4.12439489364624,0.6171681822910022,0.029137042020011168,0.026143794794548807,0.023399473040711403,0.04042013368777625,,1,1.0,60.0,1.0,0.45,0.3333333333,-0.1166666667,1.0,0.2,0.0,1.0,1.0,1.0,0.6666666667,0.3166666667,0.3333333333,0.3166666667
00023,OK,2,4,mu_eff,-1,Design_00023_Results.csv,,2.0,3514.0,0.04479926989437512,0.6857335300147995,1.5520830229169924,0.8849211931228638,0.02915793902865009,0.7435054183006287,1.6926909155240077,0.0003509306828064046,6.038918972015381,1.9369010925292969,0.2521015981240332,0.05304145068065085,0.02649652497913319,0.02264387567860289,0.02927212797064485,,1,1.0,60.0,1.0,0.45,0.3333333333,-0.1166666667,1.0,0.2,0.0,1.0,1.0,1.0,0.0,0.05,0.3333333333,0.3166666667
00024,SUSPECT,2,5,h,-1,Design_00024_Results.csv,,2.0,4490.0,0.04445087036336219,0.6857335300147995,2.4189731066349127,0.8449468612670898,0.06919533642271761,0.7015663981437683,2.5809085179759164,0.0003379134935298668,5.3128862380981445,1.815549612045288,0.26187578475392703,0.060289277439854044,0.027459164065656426,0.026111902207520576,0.03627912696741271,AE_IE_final=2.42%>2; ALLPW=2.58%>2,1,1.0,60.0,0.3333333333,0.15,0.3333333333,-0.1166666667,1.0,0.2,0.0,1.0,1.0,1.0,0.0,0.05,0.3333333333,0.3166666667
00025,SUSPECT,2,6,K,-1,Design_00025_Results.csv,,2.0,10177.0,0.046038202994761225,0.6857335300147995,2.6450971414263096,0.8700258731842041,0.18848573388125955,0.7266323566436768,2.6356632021869184,0.0003275705152203407,5.436712741851807,1.8965861797332764,0.2663943600059065,0.061119714960628645,0.02747329313589482,0.026878448260056077,0.03921717616919803,AE_IE_final=2.65%>2; ALLPW=2.64%>2,1,1.0,60.0,0.3333333333,0.15,0.3333333333,-0.1166666667,1.0,0.2,0.0,1.0,0.3333333333,0.852,0.0,0.05,0.3333333333,0.3166666667
00026,SUSPECT,2,7,eps_c,-1,Design_00026_Results.csv,,2.0,8509.0,0.048879333435007416,0.6857335300147995,2.6512848474859028,0.8619179129600525,0.162477672926465,0.7173516750335693,2.8124732678481914,0.00028918970114131224,5.295903205871582,1.854705810546875,0.2679334294341562,0.06070867894705629,0.02743725572420777,0.026632832909567507,0.03893999783832914,AE_IE_final=2.65%>2; ALLPW=2.81%>2,1,1.0,60.0,0.3333333333,0.15,0.3333333333,-0.1166666667,0.3333333333,0.1,0.0,1.0,0.3333333333,0.852,0.0,0.05,0.3333333333,0.3166666667
00027,SUSPECT,2,8,beta,1,Design_00027_Results.csv,,2.0,10317.0,0.033077352456393525,0.6857335300147995,1.8950402286990593,0.9513288140296936,0.19112650901601808,0.8073607683181763,2.2226790401818874,0.0003637002890924534,6.5702691078186035,2.1101956367492676,0.2357770466656703,0.062465468210220136,0.025712611618864727,0.02254967482953153,0.03188747093146143,ALLPW=2.22%>2,1,1.0,60.0,0.3333333333,0.15,0.3333333333,-0.1166666667,0.3333333333,0.1,0.6666666667,23.66666667,0.3333333333,0.852,0.0,0.05,0.3333333333,0.3166666667
00028,SUSPECT,3,0,,0,Design_00028_Results.csv,,2.0,5551.0,0.1411868819132271,0.6907667223666941,6.478369780149686,1.5942587852478027,0.35045967527321714,1.1575735807418823,3.3867769324397923,0.0007323061616285766,2.219944477081299,2.691176176071167,1.0549976409926287,0.13126915810040812,0.03010117218175195,0.02093347758312053,0.0769816767723833,AE_IE_final=6.48%>2; ALLPW=3.39%>2,1,1.0,60.0,0.3333333333,0.15,0.0,-0.35,0.0,0.05,0.0,1.0,0.6666666667,0.926,1.0,0.45,0.3333333333,0.3166666667
00029,SUSPECT,3,1,K,-1,Design_00029_Results.csv,,2.0,5513.0,0.08278226237914427,0.6907667223666941,6.419268333339039,1.5837645530700684,0.4423323186680596,1.1890180110931396,2.8313594984185864,0.0004943958960193093,1.9628183841705322,2.4915478229522705,1.0726655502952473,0.14620443447567588,0.030144405136210153,0.014003705108679067,0.08549981805671984,AE_IE_final=6.42%>2; ALLPW=2.83%>2,1,1.0,60.0,0.3333333333,0.15,0.0,-0.35,0.0,0.05,0.0,1.0,0.0,0.778,1.0,0.45,0.3333333333,0.3166666667
00030,SUSPECT,3,2,phi,1,Design_00030_Results.csv,,2.0,7711.0,0.06323906845572182,0.6405842641481665,6.137281656681759,1.4952669143676758,0.4755144427565899,1.0918127298355103,2.618827655572641,0.0006252788971720565,2.4148998260498047,2.494932174682617,0.8949170399916188,0.12137532478481249,0.029996697653570128,0.016260287360406037,0.08064777793037482,AE_IE_final=6.14%>2; ALLPW=2.62%>2,1,1.0,60.0,0.3333333333,0.15,0.0,-0.35,0.0,0.05,0.0,1.0,0.0,0.778,1.0,0.45,1.0,0.95
00031,SUSPECT,3,3,h,1,Design_00031_Results.csv,,2.0,7400.0,0.056983751246092784,0.6405842641481665,3.029393770340041,2.4380292892456055,0.14056437842832606,1.4558123350143433,2.9965859881773973,0.0006998452453052746,5.560283184051514,5.302906513214111,0.8587043263292201,0.07524373162328914,0.025946918573708164,0.018642277299895902,0.06793103518094186,AE_IE_final=3.03%>2; ALLPW=3%>2,1,1.0,60.0,1.0,0.45,0.0,-0.35,0.0,0.05,0.0,1.0,0.0,0.778,1.0,0.45,1.0,0.95
00032,SUSPECT,3,4,eps_c,1,Design_00032_Results.csv,,2.0,7556.0,0.050261498984546196,0.6405842641481665,3.1646941424801613,2.5911426544189453,0.18356216369280937,1.563395380973816,3.021211161350161,0.0007454494006455684,6.135006427764893,5.890650272369385,0.8584713116492085,0.07728478472648352,0.025391176179016192,0.01786115846968262,0.0689088796713366,AE_IE_final=3.16%>2; ALLPW=3.02%>2,1,1.0,60.0,1.0,0.45,0.0,-0.35,0.6666666667,0.15,0.0,1.0,0.0,0.778,1.0,0.45,1.0,0.95
00033,SUSPECT,3,5,mu_eff,-1,Design_00033_Results.csv,,2.0,6800.0,0.046875105770178734,0.6132867601248025,2.700730888542719,1.410212755203247,0.3422022776613009,0.9445291757583618,2.2476339152348634,0.00021749956524164465,6.066514492034912,3.1038029193878174,0.4353096079765854,0.05633963719065811,0.026005006784292097,0.022639485648186915,0.051021247931027164,AE_IE_final=2.7%>2; ALLPW=2.25%>2,1,1.0,60.0,1.0,0.45,0.0,-0.35,0.6666666667,0.15,0.0,1.0,0.0,0.778,0.3333333333,0.1833333333,1.0,0.95
00034,SUSPECT,3,6,X,-1,Design_00034_Results.csv,,2.0,2378.0,0.08520803555662013,1.242740134177851,1.403441535348413,0.882243812084198,0.26577118884822887,0.5431968569755554,2.106003609746112,0.0010676159972536044,4.506503105163574,2.004974365234375,0.37333136790063043,0.05896646537063093,0.018879494199547098,0.019123721990859148,0.03748458985943678,ALLPW=2.11%>2,1,0.3333333333,20.51971136,1.0,0.45,0.0,-0.35,0.6666666667,0.15,0.0,1.0,0.0,0.778,0.3333333333,0.1833333333,1.0,0.95
00035,OK,3,7,w,1,Design_00035_Results.csv,,2.0,2024.0,0.08268970717332429,1.242740134177851,0.8078176506821345,0.8900130391120911,0.028049769283176245,0.5146734118461609,1.762928878435831,0.00220606305430806,4.932305335998535,2.0605459213256836,0.34256098867839857,0.059710769064960555,0.016752380449776606,0.013838521278591252,0.025990804276586718,,1,0.3333333333,20.51971136,1.0,0.45,0.6666666667,0.1166666667,0.6666666667,0.15,0.0,1.0,0.0,0.778,0.3333333333,0.1833333333,1.0,0.95
00036,SUSPECT,3,8,beta,1,Design_00036_Results.csv,,2.0,2207.0,0.08802736571515775,1.242740134177851,0.8915503857192123,0.8838131427764893,0.13888597115820123,0.4822249412536621,2.23967461662199,0.003936599841423977,5.203939914703369,2.115756034851074,0.31862023426717373,0.06406368796068737,0.01500104004182684,0.011526009083001162,0.021399318303519613,ALLPW=2.24%>2,1,0.3333333333,20.51971136,1.0,0.45,0.6666666667,0.1166666667,0.6666666667,0.15,0.6666666667,23.66666667,0.0,0.778,0.3333333333,0.1833333333,1.0,0.95
00037,MISSING,4,0,,0,,no *_Results.csv for this design id,,,,,,,,,,,,,,,,,,,1,0.0,12.0,0.3333333333,0.15,0.6666666667,0.1166666667,1.0,0.2,0.0,1.0,0.0,0.778,1.0,0.45,0.6666666667,0.6333333333
00038,SUSPECT,4,1,h,1,Design_00038_Results.csv,,2.0,1558.0,2.0586468291377855,12.525599494564437,0.9982403606382874,1.3921488523483276,0.2708185122593046,0.6508030891418457,2.706983363262341,0.0066283843707106134,4.004133701324463,3.2482171058654785,0.7280580948710005,0.045633008763563625,0.009205723850715978,0.013271114546627948,0.032879377014831436,ALLPW=2.71%>2,1,0.0,12.0,1.0,0.45,0.6666666667,0.1166666667,1.0,0.2,0.0,1.0,0.0,0.778,1.0,0.45,0.6666666667,0.6333333333
00039,SUSPECT,4,2,w,-1,Design_00039_Results.csv,,2.0,2668.0,0.9349596437143769,12.518398797742897,1.5795212002738928,1.5788898468017578,0.15887607639379653,0.8614175915718079,3.3236331708984013,0.002601245106404707,4.026803016662598,3.6442346572875977,0.8520162560506068,0.05228567105375705,0.010522500400808404,0.014794804980695572,0.0497345908273746,ALLPW=3.32%>2,1,0.0,12.0,1.0,0.45,0.0,-0.35,1.0,0.2,0.0,1.0,0.0,0.778,1.0,0.45,0.6666666667,0.6333333333
00040,SUSPECT,4,3,eps_c,-1,Design_00040_Results.csv,,2.0,1730.0,0.6651743485642628,12.51043267637283,1.5500630294075661,1.576417326927185,0.16189438845300877,0.8594892621040344,3.2658304475963194,0.0026614888131732176,3.912752628326416,3.579535722732544,0.872729132109755,0.05211887272800403,0.011135549927730647,0.015915989982653662,0.05135601779370301,ALLPW=3.27%>2,1,0.0,12.0,1.0,0.45,0.0,-0.35,0.3333333333,0.1,0.0,1.0,0.0,0.778,1.0,0.45,0.6666666667,0.6333333333
00041,SUSPECT,4,4,phi,-1,Design_00041_Results.csv,,2.0,1644.0,0.5985874546584196,12.51043267637283,1.6173418892585938,1.7037290334701538,0.17361356490715205,0.9457280039787292,3.37535199096832,0.0022517568024112617,3.9513890743255615,3.783752679824829,0.9328070911704844,0.06592022276484637,0.010894113817831879,0.016630272541274155,0.05295102000991168,ALLPW=3.38%>2,1,0.0,12.0,1.0,0.45,0.0,-0.35,0.3333333333,0.1,0.0,1.0,0.0,0.778,1.0,0.45,0.0,0.0
00042,SUSPECT,4,5,K,1,Design_00042_Results.csv,,2.0,2480.0,0.994197084039057,12.529827878581193,1.4458867682238867,1.5707956552505493,0.2927929629707207,0.8018159866333008,3.5056271581035405,0.0030736120194654847,3.6199560165405273,3.570136547088623,0.9052205279870833,0.07516252223642819,0.013437953168483901,0.019426578386943238,0.042857080500344064,ALLPW=3.51%>2,1,0.0,12.0,1.0,0.45,0.0,-0.35,0.3333333333,0.1,0.0,1.0,0.6666666667,0.926,1.0,0.45,0.0,0.0
00043,OK,4,6,mu_eff,-1,Design_00043_Results.csv,,2.0,1975.0,0.20724313428876667,9.679879772280303,1.1022468594174373,0.8116786479949951,0.27385115028167734,0.39817532896995544,1.5742595046097332,0.0021873645290630453,3.349522113800049,1.754082441329956,0.49397105222928567,0.01705756264622031,0.014607335196576829,0.01540814273938397,0.02838803664976074,,1,0.0,12.0,1.0,0.45,0.0,-0.35,0.3333333333,0.1,0.0,1.0,0.6666666667,0.926,0.3333333333,0.1833333333,0.0,0.0
00044,OK,4,7,X,1,Design_00044_Results.csv,,2.0,3412.0,0.07753408087437016,1.01256325539977,1.7917192069899432,1.31331205368042,0.15976648518724937,0.7945781350135803,1.8407035614049736,0.0006566023347660823,5.121498107910156,2.7362682819366455,0.49272091805060675,0.02425763496332218,0.02418169040749349,0.021782468040392626,0.04150852364534651,,1,0.6666666667,35.08821286,1.0,0.45,0.0,-0.35,0.3333333333,0.1,0.0,1.0,0.6666666667,0.926,0.3333333333,0.1833333333,0.0,0.0
00045,OK,4,8,beta,1,Design_00045_Results.csv,,2.0,4861.0,0.06320581615365663,1.01256325539977,1.5492504970613157,1.2282218933105469,0.1934203155621935,0.7524264454841614,1.8887572136252178,0.0009747493837759772,5.623656272888184,2.6402032375335693,0.40592488004582494,0.046123462820234905,0.022223774561398894,0.019648249014420735,0.03331105467650424,,1,0.6666666667,35.08821286,1.0,0.45,0.0,-0.35,0.3333333333,0.1,0.6666666667,23.66666667,0.6666666667,0.926,0.3333333333,0.1833333333,0.0,0.0
00046,OK,5,0,,0,Design_00046_Results.csv,,2.0,2842.0,0.05667254439774797,0.959404023483648,1.0790669031596585,1.273545265197754,0.020475497815650483,0.7934572696685791,1.8826061669121597,0.0008356780741444079,6.314637184143066,2.900136947631836,0.36181794340078827,0.06628087773756289,0.021420168690305857,0.01798037391416972,0.03027659959719499,,1,0.6666666667,35.08821286,0.3333333333,0.15,1.0,0.35,0.0,0.05,0.3333333333,12.33333333,0.6666666667,0.926,0.3333333333,0.1833333333,0.6666666667,0.6333333333
00047,OK,5,1,h,1,Design_00047_Results.csv,,2.0,2704.0,0.05547664906399324,0.959404023483648,0.888881811007934,1.2659751176834106,0.02368651450893141,0.7613040208816528,1.8164598848619022,0.0013992855104167825,6.74152135848999,2.891291618347168,0.34876791131840257,0.05797410747284962,0.020081398041877474,0.015325411743889333,0.024318301715140996,,1,0.6666666667,35.08821286,1.0,0.45,1.0,0.35,0.0,0.05,0.3333333333,12.33333333,0.6666666667,0.926,0.3333333333,0.1833333333,0.6666666667,0.6333333333
00048,SUSPECT,5,2,beta,1,Design_00048_Results.csv,,2.0,3555.0,0.060857202074974776,0.959404023483648,1.0165822061912033,1.2638068199157715,0.1880587905293362,0.7277309894561768,2.38077617322135,0.004784728229550169,7.296376705169678,2.985346555709839,0.31088380285215483,0.0645989569875976,0.017811667437712383,0.011445031770441344,0.01708885861528764,ALLPW=2.38%>2,1,0.6666666667,35.08821286,1.0,0.45,1.0,0.35,0.0,0.05,1.0,35.0,0.6666666667,0.926,0.3333333333,0.1833333333,0.6666666667,0.6333333333
00049,SUSPECT,5,3,mu_eff,1,Design_00049_Results.csv,,2.0,3073.0,0.04281067312041314,1.0127205771011805,1.264049736332326,2.4647324085235596,0.13272889556103468,1.3040187358856201,2.7531445286862235,0.00267245682300955,7.108497619628906,5.510256767272949,0.662677783020194,0.07679699392093699,0.019468747210501198,0.01606482004731235,0.030054175301775742,ALLPW=2.75%>2,1,0.6666666667,35.08821286,1.0,0.45,1.0,0.35,0.0,0.05,1.0,35.0,0.6666666667,0.926,1.0,0.45,0.6666666667,0.6333333333
00050,SUSPECT,5,4,X,-1,Design_00050_Results.csv,,2.0,1492.0,2.8498633327048895,12.529827878581193,0.7993221363133124,1.129785180091858,0.036459885832763994,0.38013407588005066,2.7096449617903784,0.017519170794506635,4.12021541595459,2.735572099685669,0.5754609229889608,0.04687678969574679,0.005099435557939672,0.009490191634094449,0.013676838346824318,ALLPW=2.71%>2,1,0.0,12.0,1.0,0.45,1.0,0.35,0.0,0.05,1.0,35.0,0.6666666667,0.926,1.0,0.45,0.6666666667,0.6333333333
00051,SUSPECT,5,5,phi,-1,Design_00051_Results.csv,,2.0,1546.0,2.960792167029286,12.529827878581193,0.823252485230684,1.0302058458328247,0.062291946140201684,0.29483872652053833,2.424696406835784,0.01462857412888744,4.077743053436279,2.333630323410034,0.5454607051384003,0.020734464433145132,0.004401949761017694,0.007768760708589817,0.009029089158179442,ALLPW=2.42%>2,1,0.0,12.0,1.0,0.45,1.0,0.35,0.0,0.05,1.0,35.0,0.6666666667,0.926,1.0,0.45,0.0,0.0
00052,SUSPECT,5,6,K,-1,Design_00052_Results.csv,,2.0,1617.0,2.8192962654306823,12.529827878581193,0.8691870323687779,1.0635076761245728,0.042069555568333895,0.33906248211860657,2.4678989130455498,0.015144113794977173,4.2308268547058105,2.4282689094543457,0.5512789112549358,0.021410376846546196,0.004471680149867595,0.007968842343037977,0.013398259339604469,ALLPW=2.47%>2,1,0.0,12.0,1.0,0.45,1.0,0.35,0.0,0.05,1.0,35.0,0.0,0.778,1.0,0.45,0.0,0.0
00053,SUSPECT,5,7,eps_c,1,Design_00053_Results.csv,,2.0,1543.0,2.9718677198109704,12.529827878581193,0.8799915835018511,1.1202884912490845,0.03605102509017936,0.4071570634841919,2.5157430130752747,0.014613424694691153,4.152174949645996,2.5405662059783936,0.5818218715269096,0.018193777810332015,0.0052348277135014195,0.008897956349510875,0.015786167512676134,ALLPW=2.52%>2,1,0.0,12.0,1.0,0.45,1.0,0.35,0.6666666667,0.15,1.0,35.0,0.0,0.778,1.0,0.45,0.0,0.0
00054,SUSPECT,5,8,w,-1,Design_00054_Results.csv,,2.0,1688.0,2.932599147030443,12.529827878581193,1.2274512887792257,1.341340184211731,0.36387577711898983,0.6425544023513794,2.791833270722114,0.008951520277554517,3.952167272567749,3.032728910446167,0.7021981133753741,0.03298525880192747,0.007442218445452993,0.01197573220894858,0.029346648803876222,ALLPW=2.79%>2,1,0.0,12.0,1.0,0.45,0.3333333333,-0.1166666667,0.6666666667,0.15,1.0,35.0,0.0,0.778,1.0,0.45,0.0,0.0
00055,SUSPECT,6,0,,0,Design_00055_Results.csv,,2.0,2876.0,0.05619687759198516,0.9558913220467022,1.101835544560677,0.7334598302841187,0.26223772316802996,0.6012301445007324,2.726154977394503,0.003368108744565575,6.904087066650391,1.7988730669021606,0.1762901332519639,0.05833457676051106,0.018555517396779242,0.011656489359367382,0.01659754155878162,ALLPW=2.73%>2,1,0.6666666667,35.08821286,0.0,0.0,0.6666666667,0.1166666667,0.0,0.05,1.0,35.0,0.0,0.778,0.0,0.05,0.3333333333,0.3166666667
00056,SUSPECT,6,1,X,-1,Design_00056_Results.csv,,2.0,1482.0,0.1658802237848715,1.9527561087907315,0.5038558456981439,0.20394793152809143,0.049664952449506874,0.10993264615535736,3.1464688127478957,0.0043268092389721876,4.007932662963867,0.41989508271217346,0.09051305724948783,0.012860729371908183,0.004492200953304541,0.0021192403518527515,0.0025522522138001274,ALLPW=3.15%>2,1,0.0,12.0,0.0,0.0,0.6666666667,0.1166666667,0.0,0.05,1.0,35.0,0.0,0.778,0.0,0.05,0.3333333333,0.3166666667
00057,SUSPECT,6,2,phi,1,Design_00057_Results.csv,,2.0,1873.0,0.13088048700241542,1.9694635915096075,0.4902957076612231,0.19205135107040405,0.05367154114708883,0.11041845381259918,3.362451882894534,0.004083476708210966,4.004732608795166,0.4230444133281708,0.0807949380338901,0.020084871112728667,0.00449177769221843,0.002143001148159861,0.0026053674018709535,ALLPW=3.36%>2,1,0.0,12.0,0.0,0.0,0.6666666667,0.1166666667,0.0,0.05,1.0,35.0,0.0,0.778,0.0,0.05,1.0,0.95
00058,SUSPECT,6,3,w,-1,Design_00058_Results.csv,,2.0,1578.0,0.13088048700241542,1.9694635915096075,0.7755486801232278,0.2294444739818573,0.165666163866194,0.15799415111541748,3.072762078414273,0.006424759318659088,3.398963689804077,0.5566225647926331,0.10859648162048648,0.03989360109309049,0.009124655788036631,0.005234291392079673,0.006382407490399607,ALLPW=3.07%>2,1,0.0,12.0,0.0,0.0,0.0,-0.35,0.0,0.05,1.0,35.0,0.0,0.778,0.0,0.05,1.0,0.95
00059,SUSPECT,6,4,mu_eff,1,Design_00059_Results.csv,,2.0,1833.0,0.48347783522319626,1.961015064476065,3.1683090057989145,0.780733585357666,1.728715259667187,0.40718576312065125,3.53726887875103,0.00343051908997962,2.8464503288269043,1.6895915269851685,0.4624960707047808,0.0821773043133151,0.018834154888137902,0.012943344480588424,0.04534942803708169,AE_IE_final=3.17%>2; ETOTAL_drift=1.73%>1; ALLPW=3.54%>2,1,0.0,12.0,0.0,0.0,0.0,-0.35,0.0,0.05,1.0,35.0,0.0,0.778,0.6666666667,0.3166666667,1.0,0.95
00060,SUSPECT,6,5,h,1,Design_00060_Results.csv,,2.0,2103.0,0.43544158240227265,1.961015064476065,1.1856548929132733,0.8543648719787598,0.053513789094134,0.4231809973716736,2.5717188854310327,0.006689161949833457,3.372328519821167,2.054636001586914,0.4684249792900908,0.08760283673783806,0.01300627077679107,0.013070493073630382,0.032326753128132754,ALLPW=2.57%>2,1,0.0,12.0,0.6666666667,0.3,0.0,-0.35,0.0,0.05,1.0,35.0,0.0,0.778,0.6666666667,0.3166666667,1.0,0.95
00061,SUSPECT,6,6,eps_c,1,Design_00061_Results.csv,,2.0,1837.0,0.4094767906124329,1.961015064476065,1.152413311088532,0.83596271276474,0.03366056863513607,0.38671955466270447,2.34922092862332,0.005972406845720092,3.489065647125244,2.0429909229278564,0.44708127935944464,0.07928105275430368,0.011438595101927955,0.011133512275883762,0.030194666774732568,ALLPW=2.35%>2,1,0.0,12.0,0.6666666667,0.3,0.0,-0.35,0.6666666667,0.15,1.0,35.0,0.0,0.778,0.6666666667,0.3166666667,1.0,0.95
00062,SUSPECT,6,7,beta,-1,Design_00062_Results.csv,,2.0,1630.0,0.3584038204099497,1.961015064476065,1.5155230268497824,0.9431928992271423,0.24884451146857736,0.5279055833816528,3.132046981541063,0.002728443532283113,3.4097471237182617,2.2347798347473145,0.5225501825837722,0.09313425378895841,0.015169450480589243,0.013901467536139533,0.04308038685604495,ALLPW=3.13%>2,1,0.0,12.0,0.6666666667,0.3,0.0,-0.35,0.6666666667,0.15,0.3333333333,12.33333333,0.0,0.778,0.6666666667,0.3166666667,1.0,0.95
00063,SUSPECT,6,8,K,1,Design_00063_Results.csv,,2.0,2199.0,0.3584038204099497,1.961015064476065,1.247850932909712,0.8722072243690491,0.12444660122055251,0.45225563645362854,2.7069938145488117,0.003013815312719746,3.347313642501831,2.0588934421539307,0.4979854352539416,0.08162770858935271,0.015025633928339093,0.016289981207393903,0.033275889580046694,ALLPW=2.71%>2,1,0.0,12.0,0.6666666667,0.3,0.0,-0.35,0.6666666667,0.15,0.3333333333,12.33333333,0.6666666667,0.926,0.6666666667,0.3166666667,1.0,0.95
00064,SUSPECT,7,0,,0,Design_00064_Results.csv,,2.0,2173.0,0.10412325429106037,1.2056979172648257,0.7971817620508411,0.7863620519638062,0.1340008569718136,0.3746260106563568,2.1663217638095937,0.0079976255769722,5.47017240524292,1.877935767173767,0.27202910893264975,0.03832634261841053,0.011774223362524596,0.00828006382256265,0.011929367297624874,ALLPW=2.17%>2,1,0.3333333333,20.51971136,0.0,0.0,1.0,0.35,1.0,0.2,1.0,35.0,0.0,0.778,0.3333333333,0.1833333333,0.3333333333,0.3166666667
00065,MISSING,7,1,mu_eff,1,,no *_Results.csv for this design id,,,,,,,,,,,,,,,,,,,1,0.3333333333,20.51971136,0.0,0.0,1.0,0.35,1.0,0.2,1.0,35.0,0.0,0.778,1.0,0.45,0.3333333333,0.3166666667
00066,SUSPECT,7,2,X,1,Design_00066_Results.csv,,2.0,8655.0,0.0422917755845564,0.6907667223666941,5.199116174914727,2.3665404319763184,1.9929606045593438,1.739194631576538,2.921920130888707,0.0005025645716075415,4.54411506652832,4.542749881744385,0.7784956043818185,0.1190926661849708,0.028565221270743183,0.017848937691649542,0.07538664572421633,AE_IE_final=5.2%>2; ETOTAL_drift=1.99%>1; ALLPW=2.92%>2,1,1.0,60.0,0.0,0.0,1.0,0.35,1.0,0.2,1.0,35.0,0.0,0.778,1.0,0.45,0.3333333333,0.3166666667
00067,MISSING,7,3,beta,-1,,no *_Results.csv for this design id,,,,,,,,,,,,,,,,,,,1,1.0,60.0,0.0,0.0,1.0,0.35,1.0,0.2,0.3333333333,12.33333333,0.0,0.778,1.0,0.45,0.3333333333,0.3166666667
00068,MISSING,7,4,phi,1,,no *_Results.csv for this design id,,,,,,,,,,,,,,,,,,,1,1.0,60.0,0.0,0.0,1.0,0.35,1.0,0.2,0.3333333333,12.33333333,0.0,0.778,1.0,0.45,1.0,0.95
00069,MISSING,7,5,eps_c,-1,,no *_Results.csv for this design id,,,,,,,,,,,,,,,,,,,1,1.0,60.0,0.0,0.0,1.0,0.35,0.3333333333,0.1,0.3333333333,12.33333333,0.0,0.778,1.0,0.45,1.0,0.95
00070,SUSPECT,7,6,h,1,Design_00070_Results.csv,,2.0,3890.0,0.029160179618364014,0.6405842641481665,2.2941001031646153,3.114175319671631,0.17671236762350787,1.9689154624938965,3.3313443428691825,0.0011746821029336985,7.0568766593933105,6.933121204376221,0.8401141036977706,0.10782242019234575,0.02648655946808726,0.017831551928000636,0.058625326989646245,AE_IE_final=2.29%>2; ALLPW=3.33%>2,1,1.0,60.0,0.6666666667,0.3,1.0,0.35,0.3333333333,0.1,0.3333333333,12.33333333,0.0,0.778,1.0,0.45,1.0,0.95
00071,SUSPECT,7,7,K,1,Design_00071_Results.csv,,2.0,3977.0,0.03897128937180869,0.6405842641481665,2.086473144521006,2.9283323287963867,0.26258245620166426,1.7550113201141357,3.325309076480364,0.0008794103035338678,6.583316802978516,6.30589485168457,0.80794346177423,0.10156808073187794,0.026527927464206735,0.020706138377288505,0.04850129579911842,AE_IE_final=2.09%>2; ALLPW=3.33%>2,1,1.0,60.0,0.6666666667,0.3,1.0,0.35,0.3333333333,0.1,0.3333333333,12.33333333,0.6666666667,0.926,1.0,0.45,1.0,0.95
00072,SUSPECT,7,8,w,-1,Design_00072_Results.csv,,2.0,3960.0,0.05781527037734993,0.6405842641481665,3.1864599027194225,2.3997950553894043,0.1535281325660898,1.5120917558670044,3.33539970065978,0.0014570010131090727,4.801522254943848,4.713937759399414,0.8458212525143024,0.10381119883754472,0.02805427206821815,0.022456586312968933,0.05669551569310366,AE_IE_final=3.19%>2; ALLPW=3.34%>2,1,1.0,60.0,0.6666666667,0.3,0.3333333333,-0.1166666667,0.3333333333,0.1,0.3333333333,12.33333333,0.6666666667,0.926,1.0,0.45,1.0,0.95
00073,SUSPECT,8,0,,0,Design_00073_Results.csv,,2.0,2963.0,0.08519291900076181,5.7136518796722955,2.0627133370999,1.794020414352417,0.7469566427324957,1.1500656604766846,2.4968054649461564,0.0007406727352752946,3.9452402591705322,3.809476852416992,0.9041616037298591,0.05784692360378567,0.02145041154682817,0.020700302743046014,0.062894914389962,AE_IE_final=2.06%>2; ALLPW=2.5%>2,1,0.3333333333,20.51971136,0.6666666667,0.3,0.0,-0.35,1.0,0.2,0.0,1.0,0.3333333333,0.852,0.6666666667,0.3166666667,0.0,0.0
00074,SUSPECT,8,1,mu_eff,-1,Design_00074_Results.csv,,2.0,2432.0,0.10259840962163098,1.2127371799590718,1.4055853143700319,0.5206096768379211,0.12345072020558755,0.3916451036930084,2.1383507672152153,0.0011817193934044506,4.100892543792725,1.181693196296692,0.221242609437638,0.0538198613191888,0.019908211501809086,0.018887565544694333,0.028886719363417315,ALLPW=2.14%>2,1,0.3333333333,20.51971136,0.6666666667,0.3,0.0,-0.35,1.0,0.2,0.0,1.0,0.3333333333,0.852,0.0,0.05,0.0,0.0
00075,MISSING,8,2,h,-1,,no *_Results.csv for this design id,,,,,,,,,,,,,,,,,,,1,0.3333333333,20.51971136,0.0,0.0,0.0,-0.35,1.0,0.2,0.0,1.0,0.3333333333,0.852,0.0,0.05,0.0,0.0
00076,SUSPECT,8,3,K,1,Design_00076_Results.csv,,2.0,3715.0,0.10022675911218971,1.2127371799590718,3.8630734992062017,0.4792868196964264,2.391279702020812,0.33878448605537415,4.024804571166489,0.00109303933575934,3.2850193977355957,1.0315474271774292,0.2271836755721912,0.06259537421055278,0.02309238856829735,0.0224603302393797,0.040697360126866415,AE_IE_final=3.86%>2; ETOTAL_drift=2.39%>1; ALLPW=4.02%>2,1,0.3333333333,20.51971136,0.0,0.0,0.0,-0.35,1.0,0.2,0.0,1.0,1.0,1.0,0.0,0.05,0.0,0.0
00077,SUSPECT,8,4,phi,1,Design_00077_Results.csv,,2.0,3037.0,0.08712090275634111,1.283416009031165,3.427398065972171,0.4300163686275482,1.9381133283733993,0.325070321559906,4.2165622874282995,0.0008260105274924609,3.2920918464660645,0.9126936793327332,0.2001476626611231,0.058501611701102525,0.022879997568324158,0.02120491971108069,0.034557566954554794,AE_IE_final=3.43%>2; ETOTAL_drift=1.94%>1; ALLPW=4.22%>2,1,0.3333333333,20.51971136,0.0,0.0,0.0,-0.35,1.0,0.2,0.0,1.0,1.0,1.0,0.0,0.05,0.6666666667,0.6333333333
00078,SUSPECT,8,5,X,1,Design_00078_Results.csv,,2.0,5751.0,0.04862024385090335,0.6565662129906463,7.449142120707955,0.6565384268760681,2.0408097042892948,0.534523606300354,3.4752719773702623,0.00018909954662250773,3.7725729942321777,1.2874342203140259,0.2602758813012956,0.06081134110371541,0.02889005250510944,0.03081784328874059,0.049877000808320804,AE_IE_final=7.45%>2; ETOTAL_drift=2.04%>1; ALLPW=3.48%>2,1,1.0,60.0,0.0,0.0,0.0,-0.35,1.0,0.2,0.0,1.0,1.0,1.0,0.0,0.05,0.6666666667,0.6333333333
00079,SUSPECT,8,6,w,1,Design_00079_Results.csv,,2.0,4488.0,0.04017301532094043,0.6565662129906463,2.3195178681911024,0.8539806008338928,0.12590305879978228,0.7173577547073364,2.8570257988582313,0.00035342900911710805,5.3842620849609375,1.8240327835083008,0.25361951870823524,0.06254009419301394,0.027372647064796335,0.025968096595881993,0.03666863697736795,AE_IE_final=2.32%>2; ALLPW=2.86%>2,1,1.0,60.0,0.0,0.0,0.6666666667,0.1166666667,1.0,0.2,0.0,1.0,1.0,1.0,0.0,0.05,0.6666666667,0.6333333333
00080,SUSPECT,8,7,beta,1,Design_00080_Results.csv,,2.0,3265.0,0.03250956723393272,0.6565662129906463,1.5735156966231387,0.9868138432502747,0.13594853801847778,0.8355435132980347,2.1546579760351374,0.00040568238767727574,6.824697971343994,2.215101480484009,0.2329667574250384,0.06522532003007313,0.025352452436748014,0.020166180399421887,0.02671084620245811,ALLPW=2.15%>2,1,1.0,60.0,0.0,0.0,0.6666666667,0.1166666667,1.0,0.2,0.6666666667,23.66666667,1.0,1.0,0.0,0.05,0.6666666667,0.6333333333
00081,MISSING,8,8,eps_c,-1,,no *_Results.csv for this design id,,,,,,,,,,,,,,,,,,,1,1.0,60.0,0.0,0.0,0.6666666667,0.1166666667,0.3333333333,0.1,0.6666666667,23.66666667,1.0,1.0,0.0,0.05,0.6666666667,0.6333333333
00082,SUSPECT,9,0,,0,Design_00082_Results.csv,,2.0,4635.0,0.04962576865358835,0.6907667223666941,2.7430618908546434,2.6536364555358887,0.34553782839381075,1.8137006759643555,2.3908243822774127,0.0002466780686395491,5.460699558258057,5.5328521728515625,0.9263720872454343,0.10063873745460865,0.028213070035320933,0.021480819076712315,0.06425699760324238,AE_IE_final=2.74%>2; ALLPW=2.39%>2,1,1.0,60.0,0.3333333333,0.15,1.0,0.35,1.0,0.2,0.3333333333,12.33333333,0.3333333333,0.852,1.0,0.45,0.0,0.0
00083,SUSPECT,9,1,K,1,Design_00083_Results.csv,,2.0,4913.0,0.031203254723659708,0.6907667223666941,2.5201542368126018,2.5355031490325928,0.29504137633876965,1.618895173072815,2.5569623286888707,0.0003367290156360149,5.140045642852783,5.082082748413086,0.875323327132598,0.09284722852916472,0.028130935900190293,0.024741584940443366,0.05225693910522602,AE_IE_final=2.52%>2; ALLPW=2.56%>2,1,1.0,60.0,0.3333333333,0.15,1.0,0.35,1.0,0.2,0.3333333333,12.33333333,1.0,1.0,1.0,0.45,0.0,0.0
00084,SUSPECT,9,2,X,-1,Design_00084_Results.csv,,2.0,2257.0,0.4744091229322371,7.587568729791075,1.3129518932736433,1.937604546546936,0.3238420076868155,1.170822024345398,2.7935039672249053,0.0014850142478437854,4.305782794952393,4.239142417907715,0.8491240708074176,0.09253343490485123,0.021041299961871856,0.020764105131073685,0.04288946722576553,ALLPW=2.79%>2,1,0.3333333333,20.51971136,0.3333333333,0.15,1.0,0.35,1.0,0.2,0.3333333333,12.33333333,1.0,1.0,1.0,0.45,0.0,0.0
00085,OK,9,3,mu_eff,-1,Design_00085_Results.csv,,2.0,2093.0,0.09883859036994061,1.2056979172648257,0.7553945037330746,0.8612955212593079,0.012978463324337112,0.4461634159088135,1.7734698272148348,0.004152385561974225,4.921997547149658,1.969192385673523,0.3328311274121013,0.0402849340233212,0.01606642206552723,0.012212681344789672,0.0181114766389297,,1,0.3333333333,20.51971136,0.3333333333,0.15,1.0,0.35,1.0,0.2,0.3333333333,12.33333333,1.0,1.0,0.3333333333,0.1833333333,0.0,0.0
00086,OK,9,4,beta,1,Design_00086_Results.csv,,2.0,1901.0,0.10067212670476088,1.2056979172648257,0.7111692985716236,0.7206535339355469,0.11038648127133896,0.33535051345825195,1.9893417881388455,0.007346160930372692,5.481960296630859,1.6631748676300049,0.252581909490157,0.024391924569462396,0.011284132501230953,0.006690159089356395,0.007978649023732824,,1,0.3333333333,20.51971136,0.3333333333,0.15,1.0,0.35,1.0,0.2,1.0,35.0,1.0,1.0,0.3333333333,0.1833333333,0.0,0.0
00087,MISSING,9,5,h,1,,no *_Results.csv for this design id,,,,,,,,,,,,,,,,,,,1,0.3333333333,20.51971136,1.0,0.45,1.0,0.35,1.0,0.2,1.0,35.0,1.0,1.0,0.3333333333,0.1833333333,0.0,0.0
00088,SUSPECT,9,6,eps_c,-1,Design_00088_Results.csv,,2.0,1849.0,0.10010528221466805,1.2056979172648257,0.6738706686785115,0.7009236216545105,0.09673788879792733,0.31741228699684143,2.0145422853023165,0.006368703010924736,5.675442218780518,1.6100600957870483,0.2412912092608072,0.020104957761745906,0.010097520358342885,0.005774621299389479,0.006826881936542575,ALLPW=2.01%>2,1,0.3333333333,20.51971136,1.0,0.45,1.0,0.35,0.3333333333,0.1,1.0,35.0,1.0,1.0,0.3333333333,0.1833333333,0.0,0.0
00089,SUSPECT,9,7,w,-1,Design_00089_Results.csv,,2.0,1891.0,0.10026003652781963,1.2056979172648257,0.8469895585050791,0.7924827337265015,0.11332697511532716,0.3990408182144165,2.0314612767450178,0.006379843817794048,4.9602532386779785,1.833180546760559,0.2937287910562029,0.043733002582411265,0.0146019783856901,0.010070854142642104,0.013304319543185191,ALLPW=2.03%>2,1,0.3333333333,20.51971136,1.0,0.45,0.3333333333,-0.1166666667,0.3333333333,0.1,1.0,35.0,1.0,1.0,0.3333333333,0.1833333333,0.0,0.0
00090,SUSPECT,9,8,phi,1,Design_00090_Results.csv,,2.0,1853.0,0.10937998432981053,1.2270710714118647,0.9181835327425659,0.8303060531616211,0.13966753154866712,0.4245285987854004,2.2550747837938574,0.006000928534474181,4.932921409606934,1.9618736505508423,0.3052175002134912,0.05887561358210929,0.01504447368681314,0.01067997395627484,0.01502392510093262,ALLPW=2.26%>2,1,0.3333333333,20.51971136,1.0,0.45,0.3333333333,-0.1166666667,0.3333333333,0.1,1.0,35.0,1.0,1.0,0.3333333333,0.1833333333,0.6666666667,0.6333333333
