id,status,traj,step,moved,sign,file,error,z_extraction [mm],wallclock [s],KE_IE_steady_max [%],KE_IE_overall_max [%],AE_IE_final [%],E_ref [mJ],ETOTAL_drift [%],ALLIE_max [mJ],ALLPW [%],KE_final_over_IE_peak [%],F_n [N],F_t [N],F_fit_mode [-],F_fit_n [samples],F_fit_z [mm],SCOF_mean [-],SCOF_std [-],SCOF_n [samples],h_r [mm],h_p [mm],h_fp [mm],quality_flags,in_design,u_X,g_X,u_h,g_h,u_w,g_w,u_eps_c,g_eps_c,u_beta,g_beta,u_K,g_K,u_mu_eff,g_mu_eff,u_phi,g_phi
00001,SUSPECT,0,0,,0,Design_00001_Results.csv,,1.9212410501193318,5556.0,0.04953835601611131,0.6921407117783287,4.211491243431532,0.7587683796882629,0.5418625684121023,0.6143712997436523,4.202998761745954,0.00037940813114034237,5.113753741128104,1.6474690726825165,ramp_fit,20,1.98,0.2557551410924363,0.06481649555341919,76,0.03662506951245192,0.022014471111257712,0.043010080255222495,AE_IE_final=4.21%>2; ALLPW=4.2%>2,1,1.0,60.0,0.0,0.0,0.3333333333,-0.1166666667,0.0,0.05,0.0,1.0,0.6666666667,0.926,0.0,0.05,0.3333333333,0.3166666667
00002,SUSPECT,0,1,w,1,Design_00002_Results.csv,,1.9033412887828163,4609.0,0.03779314658452175,0.6921407117783287,2.0370173468672674,0.9359825849533081,0.20722352641649316,0.781059205532074,3.279332176115643,0.0003066772303719794,7.075912175859723,2.12719794511795,ramp_fit,20,1.98,0.22834320728400453,0.06144338892078085,74,0.03521350097481179,0.021031791992674083,0.035398924402902,AE_IE_final=2.04%>2; ALLPW=3.28%>2,1,1.0,60.0,0.0,0.0,1.0,0.35,0.0,0.05,0.0,1.0,0.6666666667,0.926,0.0,0.05,0.3333333333,0.3166666667
00003,SUSPECT,0,2,K,-1,Design_00003_Results.csv,,1.8973747016706444,4721.0,0.03773503275291891,0.6921407117783287,2.154589983954058,0.9491528868675232,0.1772507082484753,0.7915953397750854,3.5904353691121713,0.0002509093332944949,7.103511360713414,2.1619020036288665,ramp_fit,20,1.98,0.23134753277707767,0.061853129541029575,74,0.035214851051701815,0.019595580635919988,0.03788756825593047,AE_IE_final=2.15%>2; ALLPW=3.59%>2,1,1.0,60.0,0.0,0.0,1.0,0.35,0.0,0.05,0.0,1.0,0.0,0.778,0.0,0.05,0.3333333333,0.3166666667
00004,SUSPECT,0,3,beta,1,Design_00004_Results.csv,,1.8794749403341289,3387.0,0.033183152058804295,0.6921407117783287,1.5109563990863428,1.0557602643966675,0.2101879564728575,0.904294490814209,2.255315043970101,0.0003742040587085141,8.654325199127197,2.4880548102515085,ramp_fit,20,1.98,0.20512839848184627,0.059552931562634866,72,0.03425682307878796,0.015039150085076593,0.02793446004789049,ALLPW=2.26%>2,1,1.0,60.0,0.0,0.0,1.0,0.35,0.0,0.05,0.6666666667,23.66666667,0.0,0.778,0.0,0.05,0.3333333333,0.3166666667
00005,SUSPECT,0,4,phi,1,Design_00005_Results.csv,,1.9033412887828163,3908.0,0.03006300631858122,0.6219446434363374,1.5680115764258822,1.0968197584152222,0.224552024929161,0.9174993634223938,2.315883934598667,0.0003688162674219361,8.631310047422136,2.568725970813206,ramp_fit,20,1.98,0.21685193695086635,0.06133587825222524,73,0.034243036066541416,0.015647606838622864,0.02838521269045023,ALLPW=2.32%>2,1,1.0,60.0,0.0,0.0,1.0,0.35,0.0,0.05,0.6666666667,23.66666667,0.0,0.778,0.0,0.05,1.0,0.95
00006,SUSPECT,0,5,h,1,Design_00006_Results.csv,,1.8973747016706444,3762.0,0.02933756351979693,0.6219446434363374,1.4384145839034574,1.1338729858398438,0.29204110137541295,0.9484118223190308,2.0056008030076065,0.0007687398069891658,9.207611111232215,2.7351953710828503,ramp_fit,20,1.98,0.21777738739964253,0.0598024457567724,72,0.03393064514646117,0.013777637358209548,0.02594400510972406,ALLPW=2.01%>2,1,1.0,60.0,0.6666666667,0.3,1.0,0.35,0.0,0.05,0.6666666667,23.66666667,0.0,0.778,0.0,0.05,1.0,0.95
00007,SUSPECT,0,6,eps_c,1,Design_00007_Results.csv,,1.9033412887828163,3718.0,0.030814190031396172,0.6219446434363374,1.4979646708942524,1.1103215217590332,0.32710253281815477,0.9313791990280151,2.101262392297144,0.0008607362414552696,8.816573231560842,2.6560250077928815,ramp_fit,20,1.98,0.22275134591032483,0.05986454588701068,72,0.03424944249159044,0.013754098537333857,0.025834951868248784,ALLPW=2.1%>2,1,1.0,60.0,0.6666666667,0.3,1.0,0.35,0.6666666667,0.15,0.6666666667,23.66666667,0.0,0.778,0.0,0.05,1.0,0.95
00008,SUSPECT,0,7,mu_eff,1,Design_00008_Results.csv,,1.867541766109785,4182.0,0.030322242287157332,0.6037476684649565,1.9125262094986824,2.472931385040283,0.092859466714281,1.541022777557373,2.747533714074491,0.0005977724628801945,8.298433310644969,5.830537312371389,ramp_fit,20,1.98,0.5876411076157488,0.08505035562390009,72,0.03607131425212838,0.012870717882402126,0.04669132287126427,ALLPW=2.75%>2,1,1.0,60.0,0.6666666667,0.3,1.0,0.35,0.6666666667,0.15,0.6666666667,23.66666667,0.0,0.778,0.6666666667,0.3166666667,1.0,0.95
00009,SUSPECT,0,8,X,-1,Design_00009_Results.csv,,1.831742243436754,2025.0,0.1590260023545436,1.2266211321840728,0.9977113894139489,1.3828574419021606,0.11590376206579704,0.7194180488586426,2.343275670203286,0.003482839394695231,5.896246787479947,3.464742009980338,ramp_fit,20,1.98,0.47873600806885386,0.07753609878406097,70,0.027773545686889195,0.006786798379031168,0.030074861028307722,ALLPW=2.34%>2,1,0.3333333333,20.51971136,0.6666666667,0.3,1.0,0.35,0.6666666667,0.15,0.6666666667,23.66666667,0.0,0.778,0.6666666667,0.3166666667,1.0,0.95
00010,SUSPECT,1,0,,0,Design_00010_Results.csv,,1.8914081145584725,2595.0,0.04393001551016334,0.8459817924759196,1.260121550439227,0.7082244157791138,0.17565490049935895,0.5839274525642395,2.364580424530009,0.0004964534848546612,6.166845164980207,1.6415577224322728,ramp_fit,20,1.98,0.1959452496221651,0.05872192480322488,71,0.03262689109033311,0.01539635574709397,0.02641134103555376,ALLPW=2.36%>2,1,0.6666666667,35.08821286,0.0,0.0,0.6666666667,0.1166666667,0.0,0.05,0.3333333333,12.33333333,0.6666666667,0.926,0.0,0.05,1.0,0.95
00011,SUSPECT,1,1,X,-1,Design_00011_Results.csv,,1.8794749403341289,1511.0,0.1294031318859214,2.0464172317710205,0.738348236298584,0.22415468096733093,0.14655383192160273,0.1484711915254593,3.758222972424088,0.008148877263640796,3.909641623497009,0.5068558841943741,ramp_fit,20,1.98,0.099233760779309,0.033101987838388865,69,0.019949128634052436,0.0037706855181637057,0.005821179683221277,ALLPW=3.76%>2,1,0.0,12.0,0.0,0.0,0.6666666667,0.1166666667,0.0,0.05,0.3333333333,12.33333333,0.6666666667,0.926,0.0,0.05,1.0,0.95
00012,SUSPECT,1,2,w,-1,Design_00012_Results.csv,,1.867541766109785,1540.0,0.1294031318859214,2.0464172317710205,0.9398235231122286,0.2588478624820709,0.19044399667353368,0.19998668134212494,2.2540245052871497,0.001947723478679191,3.2850965738296507,0.5771556743553705,ramp_fit,20,1.98,0.13477866505143463,0.0522154576803196,70,0.025751556878454283,0.009033681016451182,0.017649097151976732,ALLPW=2.25%>2,1,0.0,12.0,0.0,0.0,0.0,-0.35,0.0,0.05,0.3333333333,12.33333333,0.6666666667,0.926,0.0,0.05,1.0,0.95
00013,MISSING,1,3,mu_eff,1,,no *_Results.csv for this design id,,,,,,,,,,,,,,,,,,,,,,,1,0.0,12.0,0.0,0.0,0.0,-0.35,0.0,0.05,0.3333333333,12.33333333,0.6666666667,0.926,0.6666666667,0.3166666667,1.0,0.95
00014,SUSPECT,1,4,beta,1,Design_00014_Results.csv,,1.873508353221957,1894.0,0.4932541808068295,1.8923644123479646,1.8351821080058177,0.7671933770179749,1.4141350999648912,0.38183334469795227,3.331928989060915,0.0015120477193386063,3.1625554425375797,1.76378641809736,ramp_fit,20,1.98,0.43834647179947855,0.07636020302419312,69,0.02854761506635871,0.006219245226634149,0.03868573543628428,ETOTAL_drift=1.41%>1; ALLPW=3.33%>2,1,0.0,12.0,0.0,0.0,0.0,-0.35,0.0,0.05,1.0,35.0,0.6666666667,0.926,0.6666666667,0.3166666667,1.0,0.95
00015,SUSPECT,1,5,K,-1,Design_00015_Results.csv,,1.8914081145584725,2169.0,0.5114175957247857,1.8923644123479646,2.6310145980045316,0.7678757905960083,1.8331194720945372,0.3979196846485138,3.869487492953793,0.0017860839192767773,3.2526420116424557,1.7956967438970293,ramp_fit,20,1.98,0.4467077375639677,0.08034964149571856,71,0.029997900831505536,0.005269309884672278,0.046469623545208394,AE_IE_final=2.63%>2; ETOTAL_drift=1.83%>1; ALLPW=3.87%>2,1,0.0,12.0,0.0,0.0,0.0,-0.35,0.0,0.05,1.0,35.0,0.0,0.778,0.6666666667,0.3166666667,1.0,0.95
00016,MISSING,1,6,phi,-1,,no *_Results.csv for this design id,,,,,,,,,,,,,,,,,,,,,,,1,0.0,12.0,0.0,0.0,0.0,-0.35,0.0,0.05,1.0,35.0,0.0,0.778,0.6666666667,0.3166666667,0.3333333333,0.3166666667
00017,MISSING,1,7,eps_c,1,,no *_Results.csv for this design id,,,,,,,,,,,,,,,,,,,,,,,1,0.0,12.0,0.0,0.0,0.0,-0.35,0.6666666667,0.15,1.0,35.0,0.0,0.778,0.6666666667,0.3166666667,0.3333333333,0.3166666667
00018,SUSPECT,1,8,h,1,Design_00018_Results.csv,,1.8973747016706444,1696.0,2.4626274149552376,14.203842052324086,1.4753044113228082,1.026953935623169,0.4377135844265985,0.5234244465827942,2.6210384784683507,0.004533973455290206,3.8085335254669186,2.680926758902413,ramp_fit,20,1.98,0.5468548209466286,0.08280486880273936,69,0.02954656863678766,0.00445393562105161,0.04032578037837046,ALLPW=2.62%>2,1,0.0,12.0,0.6666666667,0.3,0.0,-0.35,0.6666666667,0.15,1.0,35.0,0.0,0.778,0.6666666667,0.3166666667,0.3333333333,0.3166666667
00019,SUSPECT,2,0,,0,Design_00019_Results.csv,,1.8914081145584725,1970.0,0.08866986453371219,1.2266211321840728,0.8308273623384299,1.2559207677841187,0.11215418107875456,0.6055105924606323,2.0171475667289043,0.0022308840346406994,5.459212282725743,3.0358536618096488,ramp_fit,20,1.98,0.48292916055832963,0.062060816741782925,70,0.0280385659526573,0.009662965442820349,0.02318466792081112,ALLPW=2.02%>2,1,0.3333333333,20.51971136,1.0,0.45,1.0,0.35,1.0,0.2,0.0,1.0,1.0,1.0,0.6666666667,0.3166666667,1.0,0.95
00020,SUSPECT,2,1,X,1,Design_00020_Results.csv,,1.909307875894988,3605.0,0.03456611601548316,0.6037476684649565,1.4956858043081813,2.1467432975769043,0.17527018473485506,1.1987906694412231,2.0348563109181224,0.0005172603604941534,7.7848778860909595,4.976944177491324,ramp_fit,20,1.98,0.5635898614777474,0.06718816578966276,72,0.03525598894348804,0.016372595490336865,0.03454268204031709,ALLPW=2.03%>2,1,1.0,60.0,1.0,0.45,1.0,0.35,1.0,0.2,0.0,1.0,1.0,1.0,0.6666666667,0.3166666667,1.0,0.95
00021,OK,2,2,phi,-1,Design_00021_Results.csv,,1.8556085918854415,3604.0,0.036162671105605435,0.6303531169769658,1.2814141998378465,2.0290844440460205,0.2283032865526355,1.1503651142120361,1.5725227986356303,0.0005605167067024663,7.849240071432931,4.565192137445722,ramp_fit,20,1.98,0.5481353035409362,0.035926056367772324,72,0.0348550719915774,0.015050515084868238,0.03366099383143986,,1,1.0,60.0,1.0,0.45,1.0,0.35,1.0,0.2,0.0,1.0,1.0,1.0,0.6666666667,0.3166666667,0.3333333333,0.3166666667
00022,OK,2,3,w,-1,Design_00022_Results.csv,,1.909307875894988,3747.0,0.03932543922213532,0.6303531169769658,1.8999385746960866,1.969752550125122,0.38805384853204666,1.110426425933838,1.979438451592709,0.00040063160476056165,6.810146645137239,4.32468672139304,ramp_fit,20,1.98,0.6170778124732575,0.028491148639220636,71,0.035695558317001025,0.01837769564626903,0.04005852315501917,,1,1.0,60.0,1.0,0.45,0.3333333333,-0.1166666667,1.0,0.2,0.0,1.0,1.0,1.0,0.6666666667,0.3166666667,0.3333333333,0.3166666667
00023,SUSPECT,2,4,mu_eff,-1,Design_00023_Results.csv,,1.9033412887828163,3725.0,0.045359120702051475,0.6921407117783287,1.593684695581717,0.8753781318664551,0.06297276706462193,0.7311297655105591,2.129545350707947,0.00029397734191996067,6.660927554539271,1.9755957058497835,ramp_fit,20,1.98,0.24343331759092846,0.053888012703105906,73,0.03541899931045246,0.019275797264061166,0.030034732472407517,ALLPW=2.13%>2,1,1.0,60.0,1.0,0.45,0.3333333333,-0.1166666667,1.0,0.2,0.0,1.0,1.0,1.0,0.0,0.05,0.3333333333,0.3166666667
00024,SUSPECT,2,5,h,-1,Design_00024_Results.csv,,1.909307875894988,4212.0,0.04564359887782196,0.6921407117783287,2.50421003089461,0.8363832831382751,0.04955416594837739,0.692221999168396,2.827899933673898,0.0003162035664576097,5.928336272920881,1.865300435679299,ramp_fit,20,1.98,0.2500197879613448,0.060327456418244226,73,0.036104816422392494,0.02125821782892904,0.03544858044295258,AE_IE_final=2.5%>2; ALLPW=2.83%>2,1,1.0,60.0,0.3333333333,0.15,0.3333333333,-0.1166666667,1.0,0.2,0.0,1.0,1.0,1.0,0.0,0.05,0.3333333333,0.3166666667
00025,SUSPECT,2,6,K,-1,Design_00025_Results.csv,,1.9033412887828163,4750.0,0.04757682083143966,0.6921407117783287,2.745570074694455,0.8529648184776306,0.1176170261086799,0.7070533037185669,3.1052536184411657,0.00031831230029386915,6.078301307133264,1.9396580696105954,ramp_fit,20,1.98,0.2546863956381666,0.06107370497294246,74,0.03602444407719937,0.020805819610923818,0.04029056274626589,AE_IE_final=2.75%>2; ALLPW=3.11%>2,1,1.0,60.0,0.3333333333,0.15,0.3333333333,-0.1166666667,1.0,0.2,0.0,1.0,0.3333333333,0.852,0.0,0.05,0.3333333333,0.3166666667
00026,SUSPECT,2,7,eps_c,-1,Design_00026_Results.csv,,1.8973747016706444,4740.0,0.05029472839781136,0.6921407117783287,2.723001232016071,0.847638726234436,0.13156978283833126,0.7015190720558167,3.1768523884858313,0.0002411584424833298,5.985037374496459,1.9113419686044963,ramp_fit,20,1.98,0.2567061225771241,0.06076434958001327,74,0.036202921536916705,0.021046725535490723,0.04019762248472962,AE_IE_final=2.72%>2; ALLPW=3.18%>2,1,1.0,60.0,0.3333333333,0.15,0.3333333333,-0.1166666667,0.3333333333,0.1,0.0,1.0,0.3333333333,0.852,0.0,0.05,0.3333333333,0.3166666667
00027,SUSPECT,2,8,beta,1,Design_00027_Results.csv,,1.9033412887828163,4093.0,0.03277247447912459,0.6921407117783287,2.0247536540062816,0.9393545985221863,0.23241041818226232,0.7929630875587463,2.6015176790502137,0.000401233490427576,7.229240001950946,2.142548571314131,ramp_fit,20,1.98,0.22365809264221642,0.06097645518910168,74,0.03527121938005549,0.019989519671644813,0.0318862322265456,AE_IE_final=2.02%>2; ALLPW=2.6%>2,1,1.0,60.0,0.3333333333,0.15,0.3333333333,-0.1166666667,0.3333333333,0.1,0.6666666667,23.66666667,0.3333333333,0.852,0.0,0.05,0.3333333333,0.3166666667
00028,MISSING,3,0,,0,,no *_Results.csv for this design id,,,,,,,,,,,,,,,,,,,,,,,1,1.0,60.0,0.3333333333,0.15,0.0,-0.35,0.0,0.05,0.0,1.0,0.6666666667,0.926,1.0,0.45,0.3333333333,0.3166666667
00029,MISSING,3,1,K,-1,,no *_Results.csv for this design id,,,,,,,,,,,,,,,,,,,,,,,1,1.0,60.0,0.3333333333,0.15,0.0,-0.35,0.0,0.05,0.0,1.0,0.0,0.778,1.0,0.45,0.3333333333,0.3166666667
00030,SUSPECT,3,2,phi,1,Design_00030_Results.csv,,1.8854415274463006,6504.0,0.06801305720995118,0.627673895404588,5.981000608182345,1.4073222875595093,0.41146619735758194,1.0016913414001465,3.6549524690874367,0.00041344949644170153,3.1880748237882335,3.2111972536359508,ramp_fit,20,1.98,0.8699414825866472,0.11524749065821295,77,0.0389988427969082,0.006193669323123405,0.07501053682945415,AE_IE_final=5.98%>2; ALLPW=3.65%>2,1,1.0,60.0,0.3333333333,0.15,0.0,-0.35,0.0,0.05,0.0,1.0,0.0,0.778,1.0,0.45,1.0,0.95
00031,SUSPECT,3,3,h,1,Design_00031_Results.csv,,1.909307875894988,4035.0,0.05238611003149956,0.627673895404588,3.030347544121849,2.285578966140747,0.18633737470417766,1.3444790840148926,3.5370662754671636,0.0005870904998949713,5.9408675261906225,5.509976489203317,ramp_fit,20,1.98,0.8438209005706231,0.07720225823903554,71,0.03614452654892069,0.008724213830465132,0.06647104731996693,AE_IE_final=3.03%>2; ALLPW=3.54%>2,1,1.0,60.0,1.0,0.45,0.0,-0.35,0.0,0.05,0.0,1.0,0.0,0.778,1.0,0.45,1.0,0.95
00032,SUSPECT,3,4,eps_c,1,Design_00032_Results.csv,,1.8854415274463006,4135.0,0.0510767175411545,0.627673895404588,3.0829191540190157,2.4406824111938477,0.16489080649301882,1.4522281885147095,3.474445646189632,0.0005270209690928857,6.2962458678654265,5.840171568734304,ramp_fit,20,1.98,0.8379137551675707,0.07837325763474665,69,0.03638646102807215,0.006533650619326213,0.0676976274027119,AE_IE_final=3.08%>2; ALLPW=3.47%>2,1,1.0,60.0,1.0,0.45,0.0,-0.35,0.6666666667,0.15,0.0,1.0,0.0,0.778,1.0,0.45,1.0,0.95
00033,SUSPECT,3,5,mu_eff,-1,Design_00033_Results.csv,,1.8794749403341289,4998.0,0.0472348367717366,0.6170268665264438,2.827234669620201,1.363511562347412,0.31228869709679097,0.9081335067749023,2.549953929737845,0.000193596295843516,6.772360481534682,3.247030956404549,ramp_fit,20,1.98,0.42593857249725864,0.057018963051767624,72,0.0348783991657617,0.015305091056560256,0.050781613292971664,AE_IE_final=2.83%>2; ALLPW=2.55%>2,1,1.0,60.0,1.0,0.45,0.0,-0.35,0.6666666667,0.15,0.0,1.0,0.0,0.778,0.3333333333,0.1833333333,1.0,0.95
00034,SUSPECT,3,6,X,-1,Design_00034_Results.csv,,1.8794749403341289,2386.0,0.08441627396730204,1.2808359282616781,1.5021207898076423,0.8580654859542847,0.21494217991865766,0.5230725407600403,2.531024567673547,0.0007349196861657761,4.874369004794529,2.0446343830653597,ramp_fit,20,1.98,0.3610559746609047,0.061403052296718864,71,0.029743265583170274,0.011813463868927256,0.036424870472672795,ALLPW=2.53%>2,1,0.3333333333,20.51971136,1.0,0.45,0.0,-0.35,0.6666666667,0.15,0.0,1.0,0.0,0.778,0.3333333333,0.1833333333,1.0,0.95
00035,OK,3,7,w,1,Design_00035_Results.csv,,1.8794749403341289,2077.0,0.08441830199406727,1.2808359282616781,0.8149200152051718,0.8787207007408142,0.08653475495688075,0.5079028010368347,1.6542166316646574,0.0011553336657370882,5.370484358923776,2.1280183638845167,ramp_fit,20,1.98,0.3299015644792409,0.05824786428137748,69,0.028109030828137014,0.009229429144876355,0.02597874564939154,,1,0.3333333333,20.51971136,1.0,0.45,0.6666666667,0.1166666667,0.6666666667,0.15,0.0,1.0,0.0,0.778,0.3333333333,0.1833333333,1.0,0.95
00036,SUSPECT,3,8,beta,1,Design_00036_Results.csv,,1.867541766109785,2029.0,0.08719174700271054,1.2808359282616781,1.0180164970227688,0.8735669851303101,0.2005146331658072,0.4771203100681305,2.0146863521356617,0.0027239417239741733,5.635869216918946,2.1656438946723937,ramp_fit,20,1.98,0.3051281541321357,0.061269032454182894,70,0.027300857805914767,0.00710917484366059,0.020787700860361084,ALLPW=2.01%>2,1,0.3333333333,20.51971136,1.0,0.45,0.6666666667,0.1166666667,0.6666666667,0.15,0.6666666667,23.66666667,0.0,0.778,0.3333333333,0.1833333333,1.0,0.95
00037,MISSING,4,0,,0,,no *_Results.csv for this design id,,,,,,,,,,,,,,,,,,,,,,,1,0.0,12.0,0.3333333333,0.15,0.6666666667,0.1166666667,1.0,0.2,0.0,1.0,0.0,0.778,1.0,0.45,0.6666666667,0.6333333333
00038,SUSPECT,4,1,h,1,Design_00038_Results.csv,,1.8436754176610979,1564.0,2.092238042956215,14.237195385400636,0.9221839259259259,1.3652324676513672,0.23294639660682478,0.6380457282066345,2.772893672941916,0.005692001333421137,4.339950224331447,3.332975908688136,ramp_fit,20,1.98,0.7193324233434122,0.045762200569427064,67,0.025016795117564057,0.003915806577830928,0.03224793346342415,ALLPW=2.77%>2,1,0.0,12.0,1.0,0.45,0.6666666667,0.1166666667,1.0,0.2,0.0,1.0,0.0,0.778,1.0,0.45,0.6666666667,0.6333333333
00039,SUSPECT,4,2,w,-1,Design_00039_Results.csv,,1.795942720763723,1768.0,1.1748037082258909,14.23043337380607,1.5196985199728843,1.5404138565063477,0.14629347493655745,0.839790403842926,3.4853424156209503,0.0024070757358414063,4.296137002536229,3.8226581641605915,ramp_fit,20,1.98,0.8426262607506015,0.0517910477746445,67,0.027676704794653843,0.0016439660798228473,0.050220258529034466,ALLPW=3.49%>2,1,0.0,12.0,1.0,0.45,0.0,-0.35,1.0,0.2,0.0,1.0,0.0,0.778,1.0,0.45,0.6666666667,0.6333333333
00040,SUSPECT,4,3,eps_c,-1,Design_00040_Results.csv,,1.8496420047732696,1525.0,0.5945879729792731,14.22563171520145,1.481632062279872,1.5383764505386353,0.17307185379404635,0.8384808897972107,3.558289325932594,0.0024898796802525127,4.099377608299255,3.7246352059500554,ramp_fit,20,1.98,0.8630762765256383,0.054376316248898646,67,0.028712040173060262,0.002930932068397527,0.0510862957983773,ALLPW=3.56%>2,1,0.0,12.0,1.0,0.45,0.0,-0.35,0.3333333333,0.1,0.0,1.0,0.0,0.778,1.0,0.45,0.6666666667,0.6333333333
00041,SUSPECT,4,4,phi,-1,Design_00041_Results.csv,,1.8496420047732696,1745.0,0.5935746549154637,14.22563171520145,1.5640116424592947,1.639267921447754,0.2105427883040694,0.909532368183136,3.7860234644658757,0.002321608251392902,4.162443862642561,3.985190875189646,ramp_fit,20,1.98,0.9234659474966191,0.07146786651391344,67,0.02906201707256075,0.0026411248070741574,0.05325629799584789,ALLPW=3.79%>2,1,0.0,12.0,1.0,0.45,0.0,-0.35,0.3333333333,0.1,0.0,1.0,0.0,0.778,1.0,0.45,0.0,0.0
00042,SUSPECT,4,5,K,1,Design_00042_Results.csv,,1.8556085918854415,1891.0,0.85155129370739,14.287951576383215,1.4576386742719114,1.5091643333435059,0.3891763926062585,0.7661096453666687,3.9593667563785426,0.0027595512078024647,3.7085541963577264,3.5206263065338135,ramp_fit,20,1.98,0.8867263239122121,0.07883549207847325,65,0.02936848042520137,0.007732747966576506,0.042354477405586344,ALLPW=3.96%>2,1,0.0,12.0,1.0,0.45,0.0,-0.35,0.3333333333,0.1,0.0,1.0,0.6666666667,0.926,1.0,0.45,0.0,0.0
00043,OK,4,6,mu_eff,-1,Design_00043_Results.csv,,1.8436754176610979,1902.0,0.20845989818869837,8.072870563573552,1.11457753731086,0.8013290762901306,0.3777692225814636,0.3906209468841553,1.7201448876608878,0.0013814901619662282,3.6863282918930054,1.790635597705841,ramp_fit,20,1.98,0.49790424018723944,0.019161721875267046,68,0.025668751499292656,0.008114960256504808,0.028778953222816598,,1,0.0,12.0,1.0,0.45,0.0,-0.35,0.3333333333,0.1,0.0,1.0,0.6666666667,0.926,0.3333333333,0.1833333333,0.0,0.0
00044,SUSPECT,4,7,X,1,Design_00044_Results.csv,,1.867541766109785,3702.0,0.07537553948760885,0.883040059852635,1.9358289912411675,1.2910419702529907,0.21663893132484674,0.7754965424537659,2.056266992657925,0.0005918742889634186,5.644135216304234,2.826160655702864,ramp_fit,20,1.98,0.4932151860194501,0.02507545900491917,69,0.03326238880853525,0.015580068019768615,0.041689181483159664,ALLPW=2.06%>2,1,0.6666666667,35.08821286,1.0,0.45,0.0,-0.35,0.3333333333,0.1,0.0,1.0,0.6666666667,0.926,0.3333333333,0.1833333333,0.0,0.0
00045,OK,4,8,beta,1,Design_00045_Results.csv,,1.831742243436754,3421.0,0.06388968799710114,0.883040059852635,1.5688814192667144,1.2153968811035156,0.21466373777302272,0.7413114905357361,1.926736182220998,0.0008183271041106152,6.16105248587472,2.7335666349955967,ramp_fit,20,1.98,0.39686712912855016,0.0474161147501729,72,0.03250664165645732,0.013848116404528186,0.03312354500616005,,1,0.6666666667,35.08821286,1.0,0.45,0.0,-0.35,0.3333333333,0.1,0.6666666667,23.66666667,0.6666666667,0.926,0.3333333333,0.1833333333,0.0,0.0
00046,OK,5,0,,0,Design_00046_Results.csv,,1.8854415274463006,2636.0,0.0568383589027107,0.9777473731220365,1.0694714113687973,1.2578799724578857,0.03337177599555415,0.7800304889678955,1.9359949516492918,0.0006286940710343423,6.935490996497016,2.9910622119903563,ramp_fit,20,1.98,0.3474438036006432,0.06344039005645151,71,0.03223150601495807,0.013059307678483565,0.031025135457315056,,1,0.6666666667,35.08821286,0.3333333333,0.15,1.0,0.35,0.0,0.05,0.3333333333,12.33333333,0.6666666667,0.926,0.3333333333,0.1833333333,0.6666666667,0.6333333333
00047,OK,5,1,h,1,Design_00047_Results.csv,,1.8794749403341289,2777.0,0.056586160506504266,0.9777473731220365,0.9494636553000011,1.2561379671096802,0.059462418748954304,0.7559897899627686,1.6404468448074065,0.000995993219257505,7.332100977216448,2.9859146731240407,ramp_fit,20,1.98,0.33671775490568684,0.05606037248640915,71,0.031182001212314202,0.010359613405828937,0.02398489516831255,,1,0.6666666667,35.08821286,1.0,0.45,1.0,0.35,0.0,0.05,0.3333333333,12.33333333,0.6666666667,0.926,0.3333333333,0.1833333333,0.6666666667,0.6333333333
00048,SUSPECT,5,2,beta,1,Design_00048_Results.csv,,1.8794749403341289,2728.0,0.05994949137583728,0.9777473731220365,1.1822212976986544,1.253946304321289,0.24975085831511842,0.7211547493934631,2.2937811416708116,0.0038187692502036487,7.90789623260498,3.0798967838287354,ramp_fit,20,1.98,0.2949316392733311,0.058949929663254366,71,0.030606236471339168,0.008043645487859283,0.01695682561289655,ALLPW=2.29%>2,1,0.6666666667,35.08821286,1.0,0.45,1.0,0.35,0.0,0.05,1.0,35.0,0.6666666667,0.926,0.3333333333,0.1833333333,0.6666666667,0.6333333333
00049,SUSPECT,5,3,mu_eff,1,Design_00049_Results.csv,,1.8496420047732696,3296.0,0.043742494159172036,0.8836895478582798,1.305951227472874,2.4428210258483887,0.11525631472445556,1.294250249862671,2.4710280805049103,0.0028090736829890274,7.743090513774327,5.792380809783935,ramp_fit,20,1.98,0.6440031411544356,0.0713819835067488,70,0.03226618964729014,0.00968152460170822,0.02964752926766226,ALLPW=2.47%>2,1,0.6666666667,35.08821286,1.0,0.45,1.0,0.35,0.0,0.05,1.0,35.0,0.6666666667,0.926,1.0,0.45,0.6666666667,0.6333333333
00050,SUSPECT,5,4,X,-1,Design_00050_Results.csv,,1.8496420047732696,1514.0,3.201051829323573,14.287951576383215,0.8569120141682389,1.1188087463378906,0.04013895663705424,0.3739454746246338,2.902621752776272,0.016194193368332194,4.434360425812856,2.822508294241769,ramp_fit,20,1.98,0.5637002168168749,0.04160755534831493,67,0.0211094584387987,0.004337857552470624,0.013675726101146052,ALLPW=2.9%>2,1,0.0,12.0,1.0,0.45,1.0,0.35,0.0,0.05,1.0,35.0,0.6666666667,0.926,1.0,0.45,0.6666666667,0.6333333333
00051,SUSPECT,5,5,phi,-1,Design_00051_Results.csv,,1.8496420047732696,1547.0,3.0929103455692912,14.287951576383215,0.8803764195789484,1.0228136777877808,0.06451917649487185,0.2898426949977875,2.4470162484587674,0.012893131055082782,4.367138392584665,2.4011403015681676,ramp_fit,20,1.98,0.5459512950637057,0.022347647789135203,68,0.018893996092792388,0.004070994703424744,0.008715146241995065,ALLPW=2.45%>2,1,0.0,12.0,1.0,0.45,1.0,0.35,0.0,0.05,1.0,35.0,0.6666666667,0.926,1.0,0.45,0.0,0.0
00052,SUSPECT,5,6,K,-1,Design_00052_Results.csv,,1.8436754176610979,1322.0,2.864144654736898,14.287951576383215,0.8988081384324929,1.0557246208190918,0.037058310919302714,0.3347910940647125,2.50961188581604,0.012269157801758768,4.49205471106938,2.4938393814223154,ramp_fit,20,1.98,0.5509255907291268,0.02260527910036412,67,0.018423701438082717,0.0033746163266319363,0.013243491181391667,ALLPW=2.51%>2,1,0.0,12.0,1.0,0.45,1.0,0.35,0.0,0.05,1.0,35.0,0.0,0.778,1.0,0.45,0.0,0.0
00053,SUSPECT,5,7,eps_c,1,Design_00053_Results.csv,,1.7720763723150357,1508.0,2.8548914543341812,14.287951576383215,0.9033459726688995,1.1096529960632324,0.03699262196775315,0.4016106426715851,2.5489464189718496,0.01344801384827447,4.441361784934998,2.6127531869070877,ramp_fit,20,1.98,0.5814536478784388,0.019462454461822574,67,0.019939030201168422,0.003536344074264313,0.015565529593760973,ALLPW=2.55%>2,1,0.0,12.0,1.0,0.45,1.0,0.35,0.6666666667,0.15,1.0,35.0,0.0,0.778,1.0,0.45,0.0,0.0
00054,SUSPECT,5,8,w,-1,Design_00054_Results.csv,,1.8556085918854415,1552.0,2.7381524197342633,14.287951576383215,1.1438793614642033,1.3017266988754272,0.35617575042297506,0.6230947971343994,2.5969886351928975,0.006339962867727368,4.256768086978367,3.0976712294987268,ramp_fit,20,1.98,0.6893543115607003,0.03472581942133569,67,0.024230415355342504,0.0032350742281566946,0.02938703155987913,ALLPW=2.6%>2,1,0.0,12.0,1.0,0.45,0.3333333333,-0.1166666667,0.6666666667,0.15,1.0,35.0,0.0,0.778,1.0,0.45,0.0,0.0
00055,SUSPECT,6,0,,0,Design_00055_Results.csv,,1.8973747016706444,3382.0,0.05539048844354189,0.9362135435707096,1.265575564209648,0.7275732159614563,0.3518532066079047,0.5967106819152832,2.683101891239146,0.0026239658061189422,7.454053810664585,1.8225709438323978,ramp_fit,20,1.98,0.16236373976998408,0.054048548470577475,71,0.03046585244130586,0.009000654230484342,0.016674685727040558,ALLPW=2.68%>2,1,0.6666666667,35.08821286,0.0,0.0,0.6666666667,0.1166666667,0.0,0.05,1.0,35.0,0.0,0.778,0.0,0.05,0.3333333333,0.3166666667
00056,SUSPECT,6,1,X,-1,Design_00056_Results.csv,,1.8794749403341289,1499.0,0.16595358978088565,2.0488483081971687,0.5181444897059938,0.20413246750831604,0.056605916681521665,0.1096542552113533,3.414237793247409,0.004302350965824294,4.330597666331699,0.3950541764497756,ramp_fit,20,1.98,0.0903192076535058,0.013683647385499568,68,0.014558865254925137,0.001437235814575953,0.0025207258268776147,ALLPW=3.41%>2,1,0.0,12.0,0.0,0.0,0.6666666667,0.1166666667,0.0,0.05,1.0,35.0,0.0,0.778,0.0,0.05,0.3333333333,0.3166666667
00057,SUSPECT,6,2,phi,1,Design_00057_Results.csv,,1.867541766109785,1494.0,0.1294031318859214,2.0464172317710205,0.5044134809961732,0.1921042650938034,0.060947188618216755,0.1100723147392273,3.646170794930987,0.0038720904047464624,4.323723755564008,0.3962099484034946,ramp_fit,20,1.98,0.0786833509377489,0.020892401809164803,68,0.014940497365532348,0.0014407329143801006,0.0025864566986106385,ALLPW=3.65%>2,1,0.0,12.0,0.0,0.0,0.6666666667,0.1166666667,0.0,0.05,1.0,35.0,0.0,0.778,0.0,0.05,1.0,0.95
00058,SUSPECT,6,3,w,-1,Design_00058_Results.csv,,1.8794749403341289,1341.0,0.1294031318859214,2.0464172317710205,0.8909435865144458,0.22789445519447327,0.20838185537113293,0.156049907207489,3.3981759397212112,0.006929364697950335,3.6848949772971005,0.5279286942311695,ramp_fit,20,1.98,0.1006631058181722,0.038499104247986124,69,0.02182895562663492,0.0034723678549306307,0.0063913052029192004,ALLPW=3.4%>2,1,0.0,12.0,0.0,0.0,0.0,-0.35,0.0,0.05,1.0,35.0,0.0,0.778,0.0,0.05,1.0,0.95
00059,SUSPECT,6,4,mu_eff,1,Design_00059_Results.csv,,1.8914081145584725,2174.0,0.5114175957247857,1.8923644123479646,2.6310145980045316,0.7678757905960083,1.8331194720945372,0.3979196846485138,3.869487492953793,0.0017860839192767773,3.2526420116424557,1.7956967438970293,ramp_fit,20,1.98,0.4467077375639677,0.08034964149571856,71,0.029997900831505536,0.005269309884672278,0.046469623545208394,AE_IE_final=2.63%>2; ETOTAL_drift=1.83%>1; ALLPW=3.87%>2,1,0.0,12.0,0.0,0.0,0.0,-0.35,0.0,0.05,1.0,35.0,0.0,0.778,0.6666666667,0.3166666667,1.0,0.95
00060,SUSPECT,6,5,h,1,Design_00060_Results.csv,,1.8794749403341289,1598.0,0.5051475683801538,1.8923644123479646,1.122931223380912,0.8385250568389893,0.12929969620665624,0.4151536524295807,2.399028146341699,0.004876840098115872,3.6930793489728653,2.13230574131012,ramp_fit,20,1.98,0.4467592552756681,0.07994475474602525,70,0.02761527501303511,0.00638185561507309,0.03129984558412019,ALLPW=2.4%>2,1,0.0,12.0,0.6666666667,0.3,0.0,-0.35,0.0,0.05,1.0,35.0,0.0,0.778,0.6666666667,0.3166666667,1.0,0.95
00061,SUSPECT,6,6,eps_c,1,Design_00061_Results.csv,,1.831742243436754,1600.0,0.5494009165051413,1.8923644123479646,1.0476819276056002,0.817377507686615,0.033993639687080864,0.37536320090293884,2.2264492917433043,0.002638778631322067,3.8096844570977346,2.0766534583909166,ramp_fit,20,1.98,0.42670757809816895,0.07085786835714894,69,0.024997416908205,0.004155004927408492,0.029127138974827316,ALLPW=2.23%>2,1,0.0,12.0,0.6666666667,0.3,0.0,-0.35,0.6666666667,0.15,1.0,35.0,0.0,0.778,0.6666666667,0.3166666667,1.0,0.95
00062,SUSPECT,6,7,beta,-1,Design_00062_Results.csv,,1.8496420047732696,1962.0,0.2787320258019416,1.8923644123479646,1.4941703253355858,0.9166566729545593,0.3402234317473101,0.5090295076370239,3.179018449702701,0.002416866182080295,3.768759165491377,2.354209969724928,ramp_fit,20,1.98,0.5016471211583952,0.08769872337805801,69,0.029154568026223064,0.005499762528099203,0.04188511568042763,ALLPW=3.18%>2,1,0.0,12.0,0.6666666667,0.3,0.0,-0.35,0.6666666667,0.15,0.3333333333,12.33333333,0.0,0.778,0.6666666667,0.3166666667,1.0,0.95
00063,SUSPECT,6,8,K,1,Design_00063_Results.csv,,1.7899761336515512,1964.0,0.2787320258019416,1.8923644123479646,1.218233400934203,0.8503418564796448,0.19017277626843943,0.437275230884552,2.7795593083285595,0.0018742889780399331,3.624019040380205,2.1005680152348103,ramp_fit,20,1.98,0.4805488949410099,0.07825109566467892,70,0.027794536716991995,0.008224933387021169,0.0328758485103438,ALLPW=2.78%>2,1,0.0,12.0,0.6666666667,0.3,0.0,-0.35,0.6666666667,0.15,0.3333333333,12.33333333,0.6666666667,0.926,0.6666666667,0.3166666667,1.0,0.95
00064,SUSPECT,7,0,,0,Design_00064_Results.csv,,1.8794749403341289,1834.0,0.10283848374036458,1.2041146550303028,0.9336205426635811,0.7815245389938354,0.17205128912065965,0.37118470668792725,2.088749968921139,0.00637153162638825,5.888560574395315,1.9307615195001868,ramp_fit,20,1.98,0.2621342005534138,0.03296586799583019,70,0.025177818673680137,0.0050790800937586845,0.01162987365454016,ALLPW=2.09%>2,1,0.3333333333,20.51971136,0.0,0.0,1.0,0.35,1.0,0.2,1.0,35.0,0.0,0.778,0.3333333333,0.1833333333,0.3333333333,0.3166666667
00065,MISSING,7,1,mu_eff,1,,no *_Results.csv for this design id,,,,,,,,,,,,,,,,,,,,,,,1,0.3333333333,20.51971136,0.0,0.0,1.0,0.35,1.0,0.2,1.0,35.0,0.0,0.778,1.0,0.45,0.3333333333,0.3166666667
00066,SUSPECT,7,2,X,1,Design_00066_Results.csv,,1.8973747016706444,7747.0,0.03227942719028501,0.647459638784527,4.989711984444892,2.2822587490081787,2.9892887945421083,1.6363507509231567,3.5829475401742514,0.0007154422695051248,5.301405375344412,4.790743017196656,ramp_fit,20,1.98,0.7603669025123979,0.11250368229157806,77,0.03807927995325591,0.006140311243007507,0.07388085394359252,AE_IE_final=4.99%>2; ETOTAL_drift=2.99%>1; ALLPW=3.58%>2,1,1.0,60.0,0.0,0.0,1.0,0.35,1.0,0.2,1.0,35.0,0.0,0.778,1.0,0.45,0.3333333333,0.3166666667
00067,MISSING,7,3,beta,-1,,no *_Results.csv for this design id,,,,,,,,,,,,,,,,,,,,,,,1,1.0,60.0,0.0,0.0,1.0,0.35,1.0,0.2,0.3333333333,12.33333333,0.0,0.778,1.0,0.45,0.3333333333,0.3166666667
00068,MISSING,7,4,phi,1,,no *_Results.csv for this design id,,,,,,,,,,,,,,,,,,,,,,,1,1.0,60.0,0.0,0.0,1.0,0.35,1.0,0.2,0.3333333333,12.33333333,0.0,0.778,1.0,0.45,1.0,0.95
00069,MISSING,7,5,eps_c,-1,,no *_Results.csv for this design id,,,,,,,,,,,,,,,,,,,,,,,1,1.0,60.0,0.0,0.0,1.0,0.35,0.3333333333,0.1,0.3333333333,12.33333333,0.0,0.778,1.0,0.45,1.0,0.95
00070,SUSPECT,7,6,h,1,Design_00070_Results.csv,,1.9033412887828163,3684.0,0.029548952157183894,0.627673895404588,2.1536250187007626,3.003633499145508,0.20291077463186666,1.8708305358886719,3.757800400011049,0.0010049729083864872,7.297613368715558,6.980013036727906,ramp_fit,20,1.98,0.8111537365757309,0.10425209143760315,72,0.03726890524508953,0.0100309046293106,0.05696597429151887,AE_IE_final=2.15%>2; ALLPW=3.76%>2,1,1.0,60.0,0.6666666667,0.3,1.0,0.35,0.3333333333,0.1,0.3333333333,12.33333333,0.0,0.778,1.0,0.45,1.0,0.95
00071,SUSPECT,7,7,K,1,Design_00071_Results.csv,,1.8973747016706444,4351.0,0.02918738494201963,0.627673895404588,2.0781645035055765,2.8379085063934326,0.40474995654475476,1.6792405843734741,3.6914227915179056,0.0008617124043397545,7.159811394555226,6.5629977771214065,ramp_fit,20,1.98,0.7848458281087007,0.09738454124055282,72,0.037067759055496356,0.013040844065925546,0.047353010276051176,AE_IE_final=2.08%>2; ALLPW=3.69%>2,1,1.0,60.0,0.6666666667,0.3,1.0,0.35,0.3333333333,0.1,0.3333333333,12.33333333,0.6666666667,0.926,1.0,0.45,1.0,0.95
00072,SUSPECT,7,8,w,-1,Design_00072_Results.csv,,1.9152744630071599,4749.0,0.03397719612197033,0.627673895404588,3.0409628951650123,2.314542770385742,0.21565257935396093,1.4358035326004028,3.703525202577366,0.0011717127350918208,5.783583668300085,5.4801977838788725,ramp_fit,20,1.98,0.8284133994088527,0.09952918955019566,77,0.03761582480355201,0.014979936873663377,0.056105100974965474,AE_IE_final=3.04%>2; ALLPW=3.7%>2,1,1.0,60.0,0.6666666667,0.3,0.3333333333,-0.1166666667,0.3333333333,0.1,0.3333333333,12.33333333,0.6666666667,0.926,1.0,0.45,1.0,0.95
00073,SUSPECT,8,0,,0,Design_00073_Results.csv,,1.873508353221957,2802.0,0.13075175191185603,7.0675643517082944,2.0979608411817763,1.6695747375488281,1.013083437126573,1.0540618896484375,3.5849828062845437,0.0007723680469791978,4.241093015670777,3.9026751586369106,ramp_fit,20,1.98,0.8993998468909263,0.06326271969603893,72,0.034868344709423904,0.008149620479095968,0.059902301289874046,AE_IE_final=2.1%>2; ETOTAL_drift=1.01%>1; ALLPW=3.58%>2,1,0.3333333333,20.51971136,0.6666666667,0.3,0.0,-0.35,1.0,0.2,0.0,1.0,0.3333333333,0.852,0.6666666667,0.3166666667,0.0,0.0
00074,SUSPECT,8,1,mu_eff,-1,Design_00074_Results.csv,,1.8496420047732696,2615.0,0.10186353823392756,1.224704638319094,1.475520050893522,0.5102395415306091,0.06193088955316218,0.3780704736709595,2.903702999124223,0.0009898953479775764,4.447518467903136,1.161657769339425,ramp_fit,20,1.98,0.2116780626470083,0.05429893645834838,71,0.02980387930648886,0.012959054796651258,0.02742165373822429,ALLPW=2.9%>2,1,0.3333333333,20.51971136,0.6666666667,0.3,0.0,-0.35,1.0,0.2,0.0,1.0,0.3333333333,0.852,0.0,0.05,0.0,0.0
00075,SUSPECT,8,2,h,-1,Design_00075_Results.csv,,1.8794749403341289,3628.0,0.0990852564269495,1.224704638319094,4.309017050852048,0.46971502900123596,3.182360160074655,0.3253224492073059,5.238184997659732,0.0011455340880100508,3.667025034768241,1.0269136318138667,ramp_fit,20,1.98,0.2187956871760553,0.0641641349329637,73,0.03122803674624324,0.01220019022681706,0.04195263754149392,AE_IE_final=4.31%>2; ETOTAL_drift=3.18%>1; ALLPW=5.24%>2,1,0.3333333333,20.51971136,0.0,0.0,0.0,-0.35,1.0,0.2,0.0,1.0,0.3333333333,0.852,0.0,0.05,0.0,0.0
00076,SUSPECT,8,3,K,1,Design_00076_Results.csv,,1.8615751789976134,2804.0,0.09956173147517995,1.224704638319094,3.5820691675150966,0.46438780426979065,2.85304265540532,0.31942710280418396,5.223367983186531,0.001550343348317394,3.677172671045576,1.0055784778935566,ramp_fit,20,1.98,0.21536977614972805,0.0629696159716642,73,0.031182843253582962,0.013436923290410251,0.038123763140553206,AE_IE_final=3.58%>2; ETOTAL_drift=2.85%>1; ALLPW=5.22%>2,1,0.3333333333,20.51971136,0.0,0.0,0.0,-0.35,1.0,0.2,0.0,1.0,1.0,1.0,0.0,0.05,0.0,0.0
00077,SUSPECT,8,4,phi,1,Design_00077_Results.csv,,1.873508353221957,3061.0,0.08805889798158383,1.290021072802206,3.171476895544223,0.4192585051059723,2.162145282254788,0.3108248710632324,5.229088577102855,0.0011199164545316386,3.7031301259994507,0.8979629806109835,ramp_fit,20,1.98,0.188041048468549,0.058032000812484656,72,0.031052089006298994,0.014679948017563248,0.03365619767358202,AE_IE_final=3.17%>2; ETOTAL_drift=2.16%>1; ALLPW=5.23%>2,1,0.3333333333,20.51971136,0.0,0.0,0.0,-0.35,1.0,0.2,0.0,1.0,1.0,1.0,0.0,0.05,0.6666666667,0.6333333333
00078,SUSPECT,8,5,X,1,Design_00078_Results.csv,,1.9152744630071599,5002.0,0.04880484464663848,0.6570806468738035,7.754790430511934,0.6388595700263977,2.144691728900659,0.5156658887863159,4.109514721804841,0.00031492918304606375,4.398805107389176,1.3248295835086275,ramp_fit,20,1.98,0.2478227693150579,0.06319001250826775,77,0.03650976625733205,0.02448397693107035,0.04874604309388877,AE_IE_final=7.75%>2; ETOTAL_drift=2.14%>1; ALLPW=4.11%>2,1,1.0,60.0,0.0,0.0,0.0,-0.35,1.0,0.2,0.0,1.0,1.0,1.0,0.0,0.05,0.6666666667,0.6333333333
00079,SUSPECT,8,6,w,1,Design_00079_Results.csv,,1.9152744630071599,4135.0,0.04206984513266834,0.6570806468738035,2.3932897389750147,0.8385520577430725,0.2509572490990377,0.695591151714325,3.7189312306745625,0.00031301793892629464,5.96865873336792,1.8475451299122398,ramp_fit,20,1.98,0.23926242059427283,0.06317151588804097,74,0.03619479463302615,0.02021626915722862,0.036171770391145636,AE_IE_final=2.39%>2; ALLPW=3.72%>2,1,1.0,60.0,0.0,0.0,0.6666666667,0.1166666667,1.0,0.2,0.0,1.0,1.0,1.0,0.0,0.05,0.6666666667,0.6333333333
00080,SUSPECT,8,7,beta,1,Design_00080_Results.csv,,1.8973747016706444,3402.0,0.03191253025919621,0.6570806468738035,1.617166927072499,0.978417694568634,0.1631544079012496,0.8271174430847168,2.2404409804981684,0.00044051781789701083,7.541571378707885,2.2539435505867,ramp_fit,20,1.98,0.21860338957877318,0.06267547835459321,73,0.03521440533754324,0.018043963647080066,0.027079341915811846,ALLPW=2.24%>2,1,1.0,60.0,0.0,0.0,0.6666666667,0.1166666667,1.0,0.2,0.6666666667,23.66666667,1.0,1.0,0.0,0.05,0.6666666667,0.6333333333
00081,SUSPECT,8,8,eps_c,-1,Design_00081_Results.csv,,1.8914081145584725,3389.0,0.03102797478788766,0.6570806468738035,1.5759278714004712,0.9863136410713196,0.1540695757819096,0.8347027897834778,2.129329941380613,0.0005053564759842156,7.648232786996024,2.2740310856274193,ramp_fit,20,1.98,0.22036517011992274,0.06183160539500982,73,0.035159801794708886,0.01767310447852149,0.027377609571742553,ALLPW=2.13%>2,1,1.0,60.0,0.0,0.0,0.6666666667,0.1166666667,0.3333333333,0.1,0.6666666667,23.66666667,1.0,1.0,0.0,0.05,0.6666666667,0.6333333333
00082,SUSPECT,9,0,,0,Design_00082_Results.csv,,1.8914081145584725,4645.0,0.03325161246761367,0.647459638784527,2.6399761099693366,2.5017004013061523,0.35485915876433305,1.6670801639556885,3.3571869414075737,0.00031629689902104525,5.86280404499599,5.875669486182078,ramp_fit,20,1.98,0.9150529997546542,0.09819250535338413,80,0.037971380131482976,0.011411459129183111,0.06095784501734877,AE_IE_final=2.64%>2; ALLPW=3.36%>2,1,1.0,60.0,0.3333333333,0.15,1.0,0.35,1.0,0.2,0.3333333333,12.33333333,0.3333333333,0.852,1.0,0.45,0.0,0.0
00083,SUSPECT,9,1,K,1,Design_00083_Results.csv,,1.909307875894988,5216.0,0.029496694526230514,0.647459638784527,2.4179951043780528,2.444748640060425,0.6623558978130917,1.5343728065490723,3.0387021298673234,0.0004919413565069848,5.631313419342041,5.356379195622034,ramp_fit,20,1.98,0.8640929035903664,0.08794982786009477,74,0.037824681542745514,0.014969022744910116,0.050934357071315155,AE_IE_final=2.42%>2; ALLPW=3.04%>2,1,1.0,60.0,0.3333333333,0.15,1.0,0.35,1.0,0.2,0.3333333333,12.33333333,1.0,1.0,1.0,0.45,0.0,0.0
00084,SUSPECT,9,2,X,-1,Design_00084_Results.csv,,1.8556085918854415,2394.0,0.4390614744739712,8.572451595755586,1.2540053974517418,1.8834474086761475,0.6169442872313317,1.1245616674423218,3.065118167965041,0.0015615665079788859,4.75465590272631,4.415867730549403,ramp_fit,20,1.98,0.8363736082111974,0.09134741322499663,73,0.033894822698778165,0.010422500773741501,0.04223681559585316,ALLPW=3.07%>2,1,0.3333333333,20.51971136,0.3333333333,0.15,1.0,0.35,1.0,0.2,0.3333333333,12.33333333,1.0,1.0,1.0,0.45,0.0,0.0
00085,OK,9,3,mu_eff,-1,Design_00085_Results.csv,,1.8914081145584725,2175.0,0.09784641371852826,1.2041146550303028,0.8387059785550842,0.8548210859298706,0.021174754652889604,0.4411686956882477,1.6909613839343924,0.002807881932734064,5.3219211850847525,2.0119571243013654,ramp_fit,20,1.98,0.3239997911182262,0.03754585440702657,70,0.028274674784431558,0.008665765989703884,0.018672449958164968,,1,0.3333333333,20.51971136,0.3333333333,0.15,1.0,0.35,1.0,0.2,0.3333333333,12.33333333,1.0,1.0,0.3333333333,0.1833333333,0.0,0.0
00086,SUSPECT,9,4,beta,1,Design_00086_Results.csv,,1.8496420047732696,1772.0,0.10044600788076458,1.2041146550303028,0.8134587005381457,0.7183286547660828,0.1367785111547846,0.3325325846672058,2.0692753704812366,0.006944779514133016,5.911486489432197,1.6901152781077793,ramp_fit,20,1.98,0.24628965855023896,0.020859707493450196,69,0.02450789062832267,0.004220353163843974,0.00781170559022426,ALLPW=2.07%>2,1,0.3333333333,20.51971136,0.3333333333,0.15,1.0,0.35,1.0,0.2,1.0,35.0,1.0,1.0,0.3333333333,0.1833333333,0.0,0.0
00087,SUSPECT,9,5,h,1,Design_00087_Results.csv,,1.8794749403341289,1938.0,0.09961194375484522,1.2041146550303028,0.7970628845544371,0.7148391008377075,0.13186092357131363,0.32968753576278687,2.0317703551902313,0.006849187129103782,5.962602656228201,1.6720625809260776,ramp_fit,20,1.98,0.24582908241546667,0.020429451872094224,70,0.024059159123474116,0.004371275346792108,0.007526392722391865,ALLPW=2.03%>2,1,0.3333333333,20.51971136,1.0,0.45,1.0,0.35,1.0,0.2,1.0,35.0,1.0,1.0,0.3333333333,0.1833333333,0.0,0.0
00088,SUSPECT,9,6,eps_c,-1,Design_00088_Results.csv,,1.8794749403341289,1624.0,0.10409699118920947,1.2041146550303028,0.7488249355640691,0.6987167000770569,0.11607224887888877,0.3153515160083771,2.0281805477251864,0.006426669493527925,6.084215504782541,1.6273379700524464,ramp_fit,20,1.98,0.23626833936116526,0.017538466619396918,69,0.023459055547636467,0.0038874230640976357,0.006832982910048981,ALLPW=2.03%>2,1,0.3333333333,20.51971136,1.0,0.45,1.0,0.35,0.3333333333,0.1,1.0,35.0,1.0,1.0,0.3333333333,0.1833333333,0.0,0.0
00089,SUSPECT,9,7,w,-1,Design_00089_Results.csv,,1.8436754176610979,1914.0,0.10429789384594557,1.2041146550303028,1.0041806372937012,0.7871482372283936,0.1573281430266309,0.3940888047218323,2.0770285085228437,0.005856468060658741,5.350052336284092,1.8731456977980476,ramp_fit,20,1.98,0.28252995437356915,0.03896156181940267,70,0.027242453395516057,0.007160079798651459,0.013522139303091084,ALLPW=2.08%>2,1,0.3333333333,20.51971136,1.0,0.45,0.3333333333,-0.1166666667,0.3333333333,0.1,1.0,35.0,1.0,1.0,0.3333333333,0.1833333333,0.0,0.0
00090,SUSPECT,9,8,phi,1,Design_00090_Results.csv,,1.8794749403341289,1852.0,0.10671944334783938,1.2492459890110599,1.0699415988413945,0.8228747844696045,0.18897814668421709,0.4195079207420349,2.163988483108385,0.004881666926873355,5.339443792615619,1.9962249926158362,ramp_fit,20,1.98,0.29062937844507425,0.05375517153912734,70,0.027664959122509103,0.007401750723419018,0.015004697688619987,ALLPW=2.16%>2,1,0.3333333333,20.51971136,1.0,0.45,0.3333333333,-0.1166666667,0.3333333333,0.1,1.0,35.0,1.0,1.0,0.3333333333,0.1833333333,0.6666666667,0.6333333333
