id,family,campaign,method,traj,step,moved,sign,status,run_status,file,fine_size_x,mass_scale,target_time_increment,scratch_time,scratch_depth,depth_mode,z_extraction,wallclock,KE_IE_steady_max,KE_IE_overall_max,AE_IE_final,E_ref,ETOTAL_drift,ALLIE_max,ALLPW,KE_final_over_IE_peak,F_n,F_t,SCOF_mean,SCOF_std,h_r,h_p,h_fp,parse_error,u_X,u_h,u_w,u_eps_c,u_beta,u_K,u_mu_eff,u_phi,g_X,g_h,g_w,g_eps_c,g_beta,g_K,g_mu_eff,g_phi,p_E,p_E_star,p_Q,p_X,p_alpha,p_attack_angle_deg,p_b,p_branch,p_dilation_angle,p_eps_c,p_eps_max,p_eps_soft,p_flow_stress_ratio,p_friction_angle,p_h,p_mu_eff,p_n_points,p_nu,p_p_ref_MPa,p_phi,p_post_yield_slope_ratio,p_rho,p_sigma_y0,p_soft_drop,p_tau0,p_w
00001,glassy_pc,CDP_drucker_prager_unified,morris,0,0,,0,OK,OK,Design_00001_Results.csv,0.01,5000.0,2.1227e-07,0.01,0.04,progressive,2.0,5556.0,0.04953835601611131,0.6921407117783287,4.211491243431532,0.7587683796882629,0.5418625684121023,0.6143712997436523,4.202998761745954,0.00037940813114034237,4.4150004386901855,1.585403323173523,0.2664284811824569,0.06481978123787688,0.028344467639948433,0.027397418053963552,0.043010080255222495,,1,0,0.3333333333,0,0,0.6666666667,0,0.3333333333,60,0,-0.1166666667,0.05,1,0.926,0.05,0.3166666667,4405.817639,5196.152423,0,60,0.01583333333,30,20,-1,0,0.05,2.5,0.05,0.926,1,0,0.05,60,0.39,140,0.3166666667,0.02648013972,1.1e-09,50,5.833333333,4.783333333,-0.1166666667
00002,glassy_pc,CDP_drucker_prager_unified,morris,0,1,w,1,OK,OK,Design_00002_Results.csv,0.01,5000.0,2.1227e-07,0.01,0.04,progressive,2.0,4609.0,0.03779314658452175,0.6921407117783287,2.0370173468672674,0.9359825849533081,0.20722352641649316,0.781059205532074,3.279332176115643,0.0003066772303719794,6.35671329498291,2.0669193267822266,0.23997159302866836,0.06248486762829204,0.026294739928763834,0.023846465131979026,0.035398924402902,,1,0,1,0,0,0.6666666667,0,0.3333333333,60,0,0.35,0.05,1,0.926,0.05,0.3166666667,4405.817639,5196.152423,17.5,60,0.01583333333,30,20,1,0,0.05,2.5,0.05,0.926,1,0,0.05,60,0.39,140,0.3166666667,0.07944041916,1.1e-09,50,0,4.783333333,0.35
00003,glassy_pc,CDP_drucker_prager_unified,morris,0,2,K,-1,OK,OK,Design_00003_Results.csv,0.01,5000.0,2.1227e-07,0.01,0.04,progressive,2.0,4721.0,0.03773503275291891,0.6921407117783287,2.154589983954058,0.9491528868675232,0.1772507082484753,0.7915953397750854,3.5904353691121713,0.0002509093332944949,6.461227893829346,2.118727445602417,0.24304165875147613,0.06288907394679642,0.026568882514037866,0.023928250393787424,0.03788756825593047,,1,0,1,0,0,0,0,0.3333333333,60,0,0.35,0.05,1,0.778,0.05,0.3166666667,4405.817639,5196.152423,17.5,60,0.01583333333,30,20,1,0,0.05,2.5,0.05,0.778,1,0,0.05,60,0.39,140,0.3166666667,0.07944041916,1.1e-09,50,0,4.783333333,0.35
00004,glassy_pc,CDP_drucker_prager_unified,morris,0,3,beta,1,OK,OK,Design_00004_Results.csv,0.01,5000.0,2.1227e-07,0.01,0.04,progressive,2.0,3387.0,0.033183152058804295,0.6921407117783287,1.5109563990863428,1.0557602643966675,0.2101879564728575,0.904294490814209,2.255315043970101,0.0003742040587085141,7.927839279174805,2.4392075538635254,0.21900200368631606,0.062256527532505414,0.024045626514192654,0.019388654788903455,0.02793446004789049,,1,0,1,0,0.6666666667,0,0,0.3333333333,60,0,0.35,0.05,23.66666667,0.778,0.05,0.3166666667,4405.817639,5196.152423,17.5,60,0.01583333333,30,20,1,0,0.05,2.5,0.05,0.778,23.66666667,0,0.05,60,0.39,140,0.3166666667,0.07944041916,1.1e-09,50,0,4.783333333,0.35
00005,glassy_pc,CDP_drucker_prager_unified,morris,0,4,phi,1,OK,OK,Design_00005_Results.csv,0.01,5000.0,2.1227e-07,0.01,0.04,progressive,2.0,3908.0,0.03006300631858122,0.6219446434363374,1.5680115764258822,1.0968197584152222,0.224552024929161,0.9174993634223938,2.315883934598667,0.0003688162674219361,7.886777400970459,2.5107343196868896,0.2296422268855313,0.06343567328251411,0.024408365147031555,0.01959220973504565,0.02838521269045023,,1,0,1,0,0.6666666667,0,0,1,60,0,0.35,0.05,23.66666667,0.778,0.05,0.95,4405.817639,5196.152423,17.5,60,0.0475,30,20,1,0,0.05,2.5,0.05,0.778,23.66666667,0,0.05,60,0.39,140,0.95,0.07944041916,1.1e-09,50,0,0.35,0.35
00006,glassy_pc,CDP_drucker_prager_unified,morris,0,5,h,1,OK,OK,Design_00006_Results.csv,0.01,5000.0,2.1227e-07,0.01,0.04,progressive,2.0,3762.0,0.02933756351979693,0.6219446434363374,1.4384145839034574,1.1338729858398438,0.29204110137541295,0.9484118223190308,2.0056008030076065,0.0007687398069891658,8.469371795654297,2.6856706142425537,0.23044336940631638,0.06191705925563085,0.023611222420452365,0.017418445237086126,0.02594400510972406,,1,0.6666666667,1,0,0.6666666667,0,0,1,60,0.3,0.35,0.05,23.66666667,0.778,0.05,0.95,4405.817639,5196.152423,17.5,60,0.0475,30,20,1,0,0.05,2.5,0.05,0.778,23.66666667,0.3,0.05,60,0.39,140,0.95,0.07944041916,1.1e-09,50,0,0.35,0.35
00007,glassy_pc,CDP_drucker_prager_unified,morris,0,6,eps_c,1,OK,OK,Design_00007_Results.csv,0.01,5000.0,2.1227e-07,0.01,0.04,progressive,2.0,3718.0,0.030814190031396172,0.6219446434363374,1.4979646708942524,1.1103215217590332,0.32710253281815477,0.9313791990280151,2.101262392297144,0.0008607362414552696,8.097658157348633,2.603898048400879,0.23530471781527174,0.06184488298492281,0.02426443786326138,0.01779555432423821,0.025834951868248784,,1,0.6666666667,1,0.6666666667,0.6666666667,0,0,1,60,0.3,0.35,0.15,23.66666667,0.778,0.05,0.95,4405.817639,5196.152423,17.5,60,0.0475,30,6.666666667,1,0,0.15,2.5,0.15,0.778,23.66666667,0.3,0.05,60,0.39,140,0.95,0.02648013972,1.1e-09,50,0,0.35,0.35
00008,glassy_pc,CDP_drucker_prager_unified,morris,0,7,mu_eff,1,OK,OK,Design_00008_Results.csv,0.01,5000.0,2.1227e-07,0.01,0.04,progressive,2.0,4182.0,0.030322242287157332,0.6037476684649565,1.9125262094986824,2.472931385040283,0.092859466714281,1.541022777557373,2.747533714074491,0.0005977724628801945,7.503840446472168,5.439658164978027,0.605657724215203,0.08804796710857611,0.025772825477545197,0.019341000567750795,0.04669132287126427,,1,0.6666666667,1,0.6666666667,0.6666666667,0,0.6666666667,1,60,0.3,0.35,0.15,23.66666667,0.778,0.3166666667,0.95,4405.817639,5196.152423,17.5,60,0.3008333333,30,6.666666667,1,0,0.15,2.5,0.15,0.778,23.66666667,0.3,0.3166666667,60,0.39,140,0.95,0.02648013972,1.1e-09,50,0,2.216666667,0.35
00009,glassy_pc,CDP_drucker_prager_unified,morris,0,8,X,-1,OK,OK,Design_00009_Results.csv,0.01,5000.0,3.62976e-07,0.01,0.04,progressive,2.0,2025.0,0.1590260023545436,1.2266211321840728,0.9977113894139489,1.3828574419021606,0.11590376206579704,0.7194180488586426,2.343275670203286,0.003482839394695231,5.457378387451172,3.3321280479431152,0.49529986763559514,0.08105140941413436,0.014998551586037294,0.013633589953532504,0.030074861028307722,,0.3333333333,0.6666666667,1,0.6666666667,0.6666666667,0,0.6666666667,1,20.51971136,0.3,0.35,0.15,23.66666667,0.778,0.3166666667,0.95,1506.768438,1777.059132,17.5,20.51971136,0.3008333333,30,6.666666667,1,0,0.15,2.5,0.15,0.778,23.66666667,0.3,0.3166666667,60,0.39,140,0.95,0.07742839825,1.1e-09,50,0,2.216666667,0.35
00010,glassy_pc,CDP_drucker_prager_unified,morris,1,0,,0,OK,OK,Design_00010_Results.csv,0.01,5000.0,2.77577e-07,0.01,0.04,progressive,2.0,2595.0,0.04393001551016334,0.8459817924759196,1.260121550439227,0.7082244157791138,0.17565490049935895,0.5839274525642395,2.364580424530009,0.0004964534848546612,5.621997833251953,1.6255193948745728,0.2085258688471529,0.06013452117013895,0.022473925521084674,0.019672909904024052,0.02641134103555376,,0.6666666667,0,0.6666666667,0,0.3333333333,0.6666666667,0,1,35.08821286,0,0.1166666667,0.05,12.33333333,0.926,0.05,0.95,2576.537786,3038.728371,5.833333333,35.08821286,0.0475,30,20,1,0,0.05,2.5,0.05,0.926,12.33333333,0,0.05,60,0.39,140,0.95,0.04528040199,1.1e-09,50,0,0.35,0.1166666667
00011,glassy_pc,CDP_drucker_prager_unified,morris,1,1,X,-1,OK,OK,Design_00011_Results.csv,0.01,5000.0,4.7465e-07,0.01,0.04,progressive,2.0,1511.0,0.1294031318859214,2.0464172317710205,0.738348236298584,0.22415468096733093,0.14655383192160273,0.1484711915254593,3.758222972424088,0.008148877263640796,3.589721441268921,0.5302065014839172,0.10425188390756379,0.03270256245237348,0.009101943567302057,0.004979423543605789,0.005821179683221277,,0,0,0.6666666667,0,0.3333333333,0.6666666667,0,1,12,0,0.1166666667,0.05,12.33333333,0.926,0.05,0.95,881.1635278,1039.230485,5.833333333,12,0.0475,30,20,1,0,0.05,2.5,0.05,0.926,12.33333333,0,0.05,60,0.39,140,0.95,0.1324006986,1.1e-09,50,0,0.35,0.1166666667
00012,glassy_pc,CDP_drucker_prager_unified,morris,1,2,w,-1,OK,OK,Design_00012_Results.csv,0.01,5000.0,4.7465e-07,0.01,0.04,progressive,2.0,1540.0,0.1294031318859214,2.0464172317710205,0.9398235231122286,0.2588478624820709,0.19044399667353368,0.19998668134212494,2.2540245052871497,0.001947723478679191,2.9849414825439453,0.5964770913124084,0.14273810038416074,0.05119041048782864,0.014825292990026159,0.01298589209000902,0.017649097151976732,,0,0,0,0,0.3333333333,0.6666666667,0,1,12,0,-0.35,0.05,12.33333333,0.926,0.05,0.95,881.1635278,1039.230485,0,12,0.0475,30,20,-1,0,0.05,2.5,0.05,0.926,12.33333333,0,0.05,60,0.39,140,0.95,0.3972020958,1.1e-09,50,17.5,0.35,-0.35
00014,glassy_pc,CDP_drucker_prager_unified,morris,1,4,beta,1,OK,OK,Design_00014_Results.csv,0.01,5000.0,4.7465e-07,0.01,0.04,progressive,2.0,1894.0,0.4932541808068295,1.8923644123479646,1.8351821080058177,0.7671933770179749,1.4141350999648912,0.38183334469795227,3.331928989060915,0.0015120477193386063,2.835620403289795,1.7095441818237305,0.4591483131374345,0.08291761264594297,0.017968552059298693,0.01306324687450593,0.03868573543628428,,0,0,0,0,1,0.6666666667,0.6666666667,1,12,0,-0.35,0.05,35,0.926,0.3166666667,0.95,881.1635278,1039.230485,0,12,0.3008333333,30,20,-1,0,0.05,2.5,0.05,0.926,35,0,0.3166666667,60,0.39,140,0.95,0.3972020958,1.1e-09,50,17.5,2.216666667,-0.35
00015,glassy_pc,CDP_drucker_prager_unified,morris,1,5,K,-1,OK,OK,Design_00015_Results.csv,0.01,5000.0,4.7465e-07,0.01,0.04,progressive,2.0,2169.0,0.5114175957247857,1.8923644123479646,2.6310145980045316,0.7678757905960083,1.8331194720945372,0.3979196846485138,3.869487492953793,0.0017860839192767773,2.7802679538726807,1.622586965560913,0.46252550493809935,0.08299799367366437,0.01894960706449463,0.011716354906882427,0.046469623545208394,,0,0,0,0,1,0,0.6666666667,1,12,0,-0.35,0.05,35,0.778,0.3166666667,0.95,881.1635278,1039.230485,0,12,0.3008333333,30,20,-1,0,0.05,2.5,0.05,0.778,35,0,0.3166666667,60,0.39,140,0.95,0.3972020958,1.1e-09,50,17.5,2.216666667,-0.35
00018,glassy_pc,CDP_drucker_prager_unified,morris,1,8,h,1,OK,OK,Design_00018_Results.csv,0.01,5000.0,4.7465e-07,0.01,0.04,progressive,2.0,1696.0,2.4626274149552376,14.203842052324086,1.4753044113228082,1.026953935623169,0.4377135844265985,0.5234244465827942,2.6210384784683507,0.004533973455290206,3.3425939083099365,2.536984920501709,0.570818959690551,0.09445259869808798,0.013143472494714134,0.012484850394725789,0.04032578037837046,,0,0.6666666667,0,0.6666666667,1,0,0.6666666667,0.3333333333,12,0.3,-0.35,0.15,35,0.778,0.3166666667,0.3166666667,881.1635278,1039.230485,0,12,0.1002777778,30,6.666666667,-1,0,0.15,2.5,0.15,0.778,35,0.3,0.3166666667,60,0.39,140,0.3166666667,0.1324006986,1.1e-09,50,17.5,30.29444444,-0.35
00019,glassy_pc,CDP_drucker_prager_unified,morris,2,0,,0,OK,OK,Design_00019_Results.csv,0.01,5000.0,3.62976e-07,0.01,0.04,progressive,2.0,1970.0,0.08866986453371219,1.2266211321840728,0.8308273623384299,1.2559207677841187,0.11215418107875456,0.6055105924606323,2.0171475667289043,0.0022308840346406994,5.02077054977417,2.9331493377685547,0.49433342058236773,0.06302116429835934,0.016942098902219364,0.014352417420215566,0.02318466792081112,,0.3333333333,1,1,1,0,1,0.6666666667,1,20.51971136,0.45,0.35,0.2,1,1,0.3166666667,0.95,1506.768438,1777.059132,17.5,20.51971136,0.3008333333,30,5,1,0,0.2,2.5,0.2,1,1,0.45,0.3166666667,60,0.39,140,0.95,0.05807129869,1.1e-09,50,0,2.216666667,0.35
00020,glassy_pc,CDP_drucker_prager_unified,morris,2,1,X,1,OK,OK,Design_00020_Results.csv,0.01,5000.0,2.1227e-07,0.01,0.04,progressive,2.0,3605.0,0.03456611601548316,0.6037476684649565,1.4956858043081813,2.1467432975769043,0.17527018473485506,1.1987906694412231,2.0348563109181224,0.0005172603604941534,6.943262577056885,4.68350076675415,0.5759441446813094,0.06777776116134064,0.025412248760181687,0.020380964383770423,0.03454268204031709,,1,1,1,1,0,1,0.6666666667,1,60,0.45,0.35,0.2,1,1,0.3166666667,0.95,4405.817639,5196.152423,17.5,60,0.3008333333,30,5,1,0,0.2,2.5,0.2,1,1,0.45,0.3166666667,60,0.39,140,0.95,0.01986010479,1.1e-09,50,0,2.216666667,0.35
00021,glassy_pc,CDP_drucker_prager_unified,morris,2,2,phi,-1,OK,OK,Design_00021_Results.csv,0.01,5000.0,2.1227e-07,0.01,0.04,progressive,2.0,3604.0,0.036162671105605435,0.6303531169769658,1.2814141998378465,2.0290844440460205,0.2283032865526355,1.1503651142120361,1.5725227986356303,0.0005605167067024663,7.149969100952148,4.345088481903076,0.5533924549869119,0.03552502449159395,0.025274177543930403,0.020102586017022663,0.03366099383143986,,1,1,1,1,0,1,0.6666666667,0.3333333333,60,0.45,0.35,0.2,1,1,0.3166666667,0.3166666667,4405.817639,5196.152423,17.5,60,0.1002777778,30,5,1,0,0.2,2.5,0.2,1,1,0.45,0.3166666667,60,0.39,140,0.3166666667,0.01986010479,1.1e-09,50,0,30.29444444,0.35
00022,glassy_pc,CDP_drucker_prager_unified,morris,2,3,w,-1,OK,OK,Design_00022_Results.csv,0.01,5000.0,2.1227e-07,0.01,0.04,progressive,2.0,3747.0,0.03932543922213532,0.6303531169769658,1.8999385746960866,1.969752550125122,0.38805384853204666,1.110426425933838,1.979438451592709,0.00040063160476056165,6.037140369415283,4.085151195526123,0.6207307770651141,0.027966686420821563,0.026556078109708184,0.023365497670798124,0.04005852315501917,,1,1,0.3333333333,1,0,1,0.6666666667,0.3333333333,60,0.45,-0.1166666667,0.2,1,1,0.3166666667,0.3166666667,4405.817639,5196.152423,0,60,0.1002777778,30,5,-1,0,0.2,2.5,0.2,1,1,0.45,0.3166666667,60,0.39,140,0.3166666667,0.00662003493,1.1e-09,50,5.833333333,30.29444444,-0.1166666667
00023,glassy_pc,CDP_drucker_prager_unified,morris,2,4,mu_eff,-1,OK,OK,Design_00023_Results.csv,0.01,5000.0,2.1227e-07,0.01,0.04,progressive,2.0,3725.0,0.045359120702051475,0.6921407117783287,1.593684695581717,0.8753781318664551,0.06297276706462193,0.7311297655105591,2.129545350707947,0.00029397734191996067,6.036028861999512,1.9477243423461914,0.25227589979393644,0.053514867797313424,0.026589500214352524,0.023131430140354327,0.030034732472407517,,1,1,0.3333333333,1,0,1,0,0.3333333333,60,0.45,-0.1166666667,0.2,1,1,0.05,0.3166666667,4405.817639,5196.152423,0,60,0.01583333333,30,5,-1,0,0.2,2.5,0.2,1,1,0.45,0.05,60,0.39,140,0.3166666667,0.00662003493,1.1e-09,50,5.833333333,4.783333333,-0.1166666667
00024,glassy_pc,CDP_drucker_prager_unified,morris,2,5,h,-1,OK,OK,Design_00024_Results.csv,0.01,5000.0,2.1227e-07,0.01,0.04,progressive,2.0,4212.0,0.04564359887782196,0.6921407117783287,2.50421003089461,0.8363832831382751,0.04955416594837739,0.692221999168396,2.827899933673898,0.0003162035664576097,5.30727481842041,1.8229190111160278,0.26145881442012864,0.060660998693871176,0.027281568564675566,0.025730130518601582,0.03544858044295258,,1,0.3333333333,0.3333333333,1,0,1,0,0.3333333333,60,0.15,-0.1166666667,0.2,1,1,0.05,0.3166666667,4405.817639,5196.152423,0,60,0.01583333333,30,5,-1,0,0.2,2.5,0.2,1,1,0.15,0.05,60,0.39,140,0.3166666667,0.00662003493,1.1e-09,50,5.833333333,4.783333333,-0.1166666667
00025,glassy_pc,CDP_drucker_prager_unified,morris,2,6,K,-1,OK,OK,Design_00025_Results.csv,0.01,5000.0,2.1227e-07,0.01,0.04,progressive,2.0,4750.0,0.04757682083143966,0.6921407117783287,2.745570074694455,0.8529648184776306,0.1176170261086799,0.7070533037185669,3.1052536184411657,0.00031831230029386915,5.388090133666992,1.8781137466430664,0.26518959564598793,0.06120032760266801,0.027561299328562456,0.02624053123552081,0.04029056274626589,,1,0.3333333333,0.3333333333,1,0,0.3333333333,0,0.3333333333,60,0.15,-0.1166666667,0.2,1,0.852,0.05,0.3166666667,4405.817639,5196.152423,0,60,0.01583333333,30,5,-1,0,0.2,2.5,0.2,0.852,1,0.15,0.05,60,0.39,140,0.3166666667,0.00662003493,1.1e-09,50,5.833333333,4.783333333,-0.1166666667
00026,glassy_pc,CDP_drucker_prager_unified,morris,2,7,eps_c,-1,OK,OK,Design_00026_Results.csv,0.01,5000.0,2.1227e-07,0.01,0.04,progressive,2.0,4740.0,0.05029472839781136,0.6921407117783287,2.723001232016071,0.847638726234436,0.13156978283833126,0.7015190720558167,3.1768523884858313,0.0002411584424833298,5.339173793792725,1.8597079515457153,0.2670290611415297,0.060739196052854355,0.02754618657830251,0.025978882030069057,0.04019762248472962,,1,0.3333333333,0.3333333333,0.3333333333,0,0.3333333333,0,0.3333333333,60,0.15,-0.1166666667,0.1,1,0.852,0.05,0.3166666667,4405.817639,5196.152423,0,60,0.01583333333,30,10,-1,0,0.1,2.5,0.1,0.852,1,0.15,0.05,60,0.39,140,0.3166666667,0.01324006986,1.1e-09,50,5.833333333,4.783333333,-0.1166666667
00027,glassy_pc,CDP_drucker_prager_unified,morris,2,8,beta,1,OK,OK,Design_00027_Results.csv,0.01,5000.0,2.1227e-07,0.01,0.04,progressive,2.0,4093.0,0.03277247447912459,0.6921407117783287,2.0247536540062816,0.9393545985221863,0.23241041818226232,0.7929630875587463,2.6015176790502137,0.000401233490427576,6.48765754699707,2.0731732845306396,0.2353163156199595,0.062132550182918966,0.02558841941803575,0.022218441877005633,0.0318862322265456,,1,0.3333333333,0.3333333333,0.3333333333,0.6666666667,0.3333333333,0,0.3333333333,60,0.15,-0.1166666667,0.1,23.66666667,0.852,0.05,0.3166666667,4405.817639,5196.152423,0,60,0.01583333333,30,10,-1,0,0.1,2.5,0.1,0.852,23.66666667,0.15,0.05,60,0.39,140,0.3166666667,0.01324006986,1.1e-09,50,5.833333333,4.783333333,-0.1166666667
00030,glassy_pc,CDP_drucker_prager_unified,morris,3,2,phi,1,OK,OK,Design_00030_Results.csv,0.01,5000.0,2.1227e-07,0.01,0.04,progressive,2.0,6504.0,0.06801305720995118,0.627673895404588,5.981000608182345,1.4073222875595093,0.41146619735758194,1.0016913414001465,3.6549524690874367,0.00041344949644170153,2.545572280883789,2.67577862739563,0.8873079429048393,0.11767356836381031,0.03008322209626156,0.016036560610981396,0.07501053682945415,,1,0.3333333333,0,0,0,0,1,1,60,0.15,-0.35,0.05,1,0.778,0.45,0.95,4405.817639,5196.152423,0,60,0.4275,30,20,-1,0,0.05,2.5,0.05,0.778,1,0.15,0.45,60,0.39,140,0.95,0.07944041916,1.1e-09,50,17.5,3.15,-0.35
00031,glassy_pc,CDP_drucker_prager_unified,morris,3,3,h,1,OK,OK,Design_00031_Results.csv,0.01,5000.0,2.1227e-07,0.01,0.04,progressive,2.0,4035.0,0.05238611003149956,0.627673895404588,3.030347544121849,2.285578966140747,0.18633737470417766,1.3444790840148926,3.5370662754671636,0.0005870904998949713,5.147854804992676,4.978687763214111,0.8558738201635264,0.0775499842447303,0.026824405793142762,0.01768174657985027,0.06647104731996693,,1,1,0,0,0,0,1,1,60,0.45,-0.35,0.05,1,0.778,0.45,0.95,4405.817639,5196.152423,0,60,0.4275,30,20,-1,0,0.05,2.5,0.05,0.778,1,0.45,0.45,60,0.39,140,0.95,0.07944041916,1.1e-09,50,17.5,3.15,-0.35
00032,glassy_pc,CDP_drucker_prager_unified,morris,3,4,eps_c,1,OK,OK,Design_00032_Results.csv,0.01,5000.0,2.1227e-07,0.01,0.04,progressive,2.0,4135.0,0.0510767175411545,0.627673895404588,3.0829191540190157,2.4406824111938477,0.16489080649301882,1.4522281885147095,3.474445646189632,0.0005270209690928857,5.54564905166626,5.336951732635498,0.8529098572352446,0.07914588753031009,0.02642847380156127,0.016683404697762225,0.0676976274027119,,1,1,0,0.6666666667,0,0,1,1,60,0.45,-0.35,0.15,1,0.778,0.45,0.95,4405.817639,5196.152423,0,60,0.4275,30,6.666666667,-1,0,0.15,2.5,0.15,0.778,1,0.45,0.45,60,0.39,140,0.95,0.02648013972,1.1e-09,50,17.5,3.15,-0.35
00033,glassy_pc,CDP_drucker_prager_unified,morris,3,5,mu_eff,-1,OK,OK,Design_00033_Results.csv,0.01,5000.0,2.1227e-07,0.01,0.04,progressive,2.0,4998.0,0.0472348367717366,0.6170268665264438,2.827234669620201,1.363511562347412,0.31228869709679097,0.9081335067749023,2.549953929737845,0.000193596295843516,6.060344219207764,3.0660057067871094,0.43416916124257865,0.056106725265318506,0.02648057835880475,0.022941695776755228,0.050781613292971664,,1,1,0,0.6666666667,0,0,0.3333333333,1,60,0.45,-0.35,0.15,1,0.778,0.1833333333,0.95,4405.817639,5196.152423,0,60,0.1741666667,30,6.666666667,-1,0,0.15,2.5,0.15,0.778,1,0.45,0.1833333333,60,0.39,140,0.95,0.02648013972,1.1e-09,50,17.5,1.283333333,-0.35
00034,glassy_pc,CDP_drucker_prager_unified,morris,3,6,X,-1,OK,OK,Design_00034_Results.csv,0.01,5000.0,3.62976e-07,0.01,0.04,progressive,2.0,2386.0,0.08441627396730204,1.2808359282616781,1.5021207898076423,0.8580654859542847,0.21494217991865766,0.5230725407600403,2.531024567673547,0.0007349196861657761,4.442347049713135,1.9839431047439575,0.37029907211894736,0.0606237122927947,0.01918222583539426,0.01829601974432606,0.036424870472672795,,0.3333333333,1,0,0.6666666667,0,0,0.3333333333,1,20.51971136,0.45,-0.35,0.15,1,0.778,0.1833333333,0.95,1506.768438,1777.059132,0,20.51971136,0.1741666667,30,6.666666667,-1,0,0.15,2.5,0.15,0.778,1,0.45,0.1833333333,60,0.39,140,0.95,0.07742839825,1.1e-09,50,17.5,1.283333333,-0.35
00035,glassy_pc,CDP_drucker_prager_unified,morris,3,7,w,1,OK,OK,Design_00035_Results.csv,0.01,5000.0,3.62976e-07,0.01,0.04,progressive,2.0,2077.0,0.08441830199406727,1.2808359282616781,0.8149200152051718,0.8787207007408142,0.08653475495688075,0.5079028010368347,1.6542166316646574,0.0011553336657370882,4.95880651473999,2.082540273666382,0.3412751513316536,0.058993349914708386,0.01699249703337735,0.014102825915066092,0.02597874564939154,,0.3333333333,1,0.6666666667,0.6666666667,0,0,0.3333333333,1,20.51971136,0.45,0.1166666667,0.15,1,0.778,0.1833333333,0.95,1506.768438,1777.059132,5.833333333,20.51971136,0.1741666667,30,6.666666667,1,0,0.15,2.5,0.15,0.778,1,0.45,0.1833333333,60,0.39,140,0.95,0.02580946608,1.1e-09,50,0,1.283333333,0.1166666667
00036,glassy_pc,CDP_drucker_prager_unified,morris,3,8,beta,1,OK,OK,Design_00036_Results.csv,0.01,5000.0,3.62976e-07,0.01,0.04,progressive,2.0,2029.0,0.08719174700271054,1.2808359282616781,1.0180164970227688,0.8735669851303101,0.2005146331658072,0.4771203100681305,2.0146863521356617,0.0027239417239741733,5.212129592895508,2.1120736598968506,0.31722939699194586,0.06304066787018224,0.015033047593417347,0.012204128483881676,0.020787700860361084,,0.3333333333,1,0.6666666667,0.6666666667,0.6666666667,0,0.3333333333,1,20.51971136,0.45,0.1166666667,0.15,23.66666667,0.778,0.1833333333,0.95,1506.768438,1777.059132,5.833333333,20.51971136,0.1741666667,30,6.666666667,1,0,0.15,2.5,0.15,0.778,23.66666667,0.45,0.1833333333,60,0.39,140,0.95,0.02580946608,1.1e-09,50,0,1.283333333,0.1166666667
00038,glassy_pc,CDP_drucker_prager_unified,morris,4,1,h,1,OK,OK,Design_00038_Results.csv,0.01,5000.0,4.7465e-07,0.01,0.04,progressive,2.0,1564.0,2.092238042956215,14.237195385400636,0.9221839259259259,1.3652324676513672,0.23294639660682478,0.6380457282066345,2.772893672941916,0.005692001333421137,3.9977290630340576,3.242811441421509,0.7271413459940955,0.04613166966826041,0.009520088562590397,0.01255709619272224,0.03224793346342415,,0,1,0.6666666667,1,0,0,1,0.6666666667,12,0.45,0.1166666667,0.2,1,0.778,0.45,0.6333333333,881.1635278,1039.230485,5.833333333,12,0.285,30,5,1,0,0.2,2.5,0.2,0.778,1,0.45,0.45,60,0.39,140,0.6333333333,0.03310017465,1.1e-09,50,0,23.1,0.1166666667
00039,glassy_pc,CDP_drucker_prager_unified,morris,4,2,w,-1,OK,OK,Design_00039_Results.csv,0.01,5000.0,4.7465e-07,0.01,0.04,progressive,2.0,1768.0,1.1748037082258909,14.23043337380607,1.5196985199728843,1.5404138565063477,0.14629347493655745,0.839790403842926,3.4853424156209503,0.0024070757358414063,3.8615126609802246,3.5993640422821045,0.8504394316404784,0.05162009423659233,0.011251822698579538,0.015363022029645061,0.050220258529034466,,0,1,0,1,0,0,1,0.6666666667,12,0.45,-0.35,0.2,1,0.778,0.45,0.6333333333,881.1635278,1039.230485,0,12,0.285,30,5,-1,0,0.2,2.5,0.2,0.778,1,0.45,0.45,60,0.39,140,0.6333333333,0.09930052395,1.1e-09,50,17.5,23.1,-0.35
00040,glassy_pc,CDP_drucker_prager_unified,morris,4,3,eps_c,-1,OK,OK,Design_00040_Results.csv,0.01,5000.0,4.7465e-07,0.01,0.04,progressive,2.0,1525.0,0.5945879729792731,14.22563171520145,1.481632062279872,1.5383764505386353,0.17307185379404635,0.8384808897972107,3.558289325932594,0.0024898796802525127,3.710811138153076,3.524198293685913,0.8708065013213864,0.053650696574925126,0.011981715181855094,0.015924808205692916,0.0510862957983773,,0,1,0,0.3333333333,0,0,1,0.6666666667,12,0.45,-0.35,0.1,1,0.778,0.45,0.6333333333,881.1635278,1039.230485,0,12,0.285,30,10,-1,0,0.1,2.5,0.1,0.778,1,0.45,0.45,60,0.39,140,0.6333333333,0.1986010479,1.1e-09,50,17.5,23.1,-0.35
00041,glassy_pc,CDP_drucker_prager_unified,morris,4,4,phi,-1,OK,OK,Design_00041_Results.csv,0.01,5000.0,4.7465e-07,0.01,0.04,progressive,2.0,1745.0,0.5935746549154637,14.22563171520145,1.5640116424592947,1.639267921447754,0.2105427883040694,0.909532368183136,3.7860234644658757,0.002321608251392902,3.812955379486084,3.761784791946411,0.9296110422050857,0.06755648488795359,0.012055134005103314,0.01585895647313436,0.05325629799584789,,0,1,0,0.3333333333,0,0,1,0,12,0.45,-0.35,0.1,1,0.778,0.45,0,881.1635278,1039.230485,0,12,0,30,10,-1,0,0.1,2.5,0.1,0.778,1,0.45,0.45,60,0.39,140,0,0.1986010479,1.1e-09,50,17.5,63,-0.35
00042,glassy_pc,CDP_drucker_prager_unified,morris,4,5,K,1,OK,OK,Design_00042_Results.csv,0.01,5000.0,4.7465e-07,0.01,0.04,progressive,2.0,1891.0,0.85155129370739,14.287951576383215,1.4576386742719114,1.5091643333435059,0.3891763926062585,0.7661096453666687,3.9593667563785426,0.0027595512078024647,3.3321406841278076,3.330489158630371,0.8997046261508729,0.076097835870961,0.014954053614931923,0.018761327172097598,0.042354477405586344,,0,1,0,0.3333333333,0,0.6666666667,1,0,12,0.45,-0.35,0.1,1,0.926,0.45,0,881.1635278,1039.230485,0,12,0,30,10,-1,0,0.1,2.5,0.1,0.926,1,0.45,0.45,60,0.39,140,0,0.1986010479,1.1e-09,50,17.5,63,-0.35
00043,glassy_pc,CDP_drucker_prager_unified,morris,4,6,mu_eff,-1,OK,OK,Design_00043_Results.csv,0.01,5000.0,4.7465e-07,0.01,0.04,progressive,2.0,1902.0,0.20845989818869837,8.072870563573552,1.11457753731086,0.8013290762901306,0.3777692225814636,0.3906209468841553,1.7201448876608878,0.0013814901619662282,3.319415330886841,1.7407503128051758,0.4970933846412954,0.01845430870972361,0.014419493709536452,0.014639358110536842,0.028778953222816598,,0,1,0,0.3333333333,0,0.6666666667,0.3333333333,0,12,0.45,-0.35,0.1,1,0.926,0.1833333333,0,881.1635278,1039.230485,0,12,0,30,10,-1,0,0.1,2.5,0.1,0.926,1,0.45,0.1833333333,60,0.39,140,0,0.1986010479,1.1e-09,50,17.5,25.66666667,-0.35
00044,glassy_pc,CDP_drucker_prager_unified,morris,4,7,X,1,OK,OK,Design_00044_Results.csv,0.01,5000.0,2.77577e-07,0.01,0.04,progressive,2.0,3702.0,0.07537553948760885,0.883040059852635,1.9358289912411675,1.2910419702529907,0.21663893132484674,0.7754965424537659,2.056266992657925,0.0005918742889634186,5.0492987632751465,2.7074310779571533,0.4956698502460443,0.02404657822759078,0.024031168854392868,0.02202394755321066,0.041689181483159664,,0.6666666667,1,0,0.3333333333,0,0.6666666667,0.3333333333,0,35.08821286,0.45,-0.35,0.1,1,0.926,0.1833333333,0,2576.537786,3038.728371,0,35.08821286,0,30,10,-1,0,0.1,2.5,0.1,0.926,1,0.45,0.1833333333,60,0.39,140,0,0.06792060298,1.1e-09,50,17.5,25.66666667,-0.35
00045,glassy_pc,CDP_drucker_prager_unified,morris,4,8,beta,1,OK,OK,Design_00045_Results.csv,0.01,5000.0,2.77577e-07,0.01,0.04,progressive,2.0,3421.0,0.06388968799710114,0.883040059852635,1.5688814192667144,1.2153968811035156,0.21466373777302272,0.7413114905357361,1.926736182220998,0.0008183271041106152,5.56224250793457,2.6120145320892334,0.404947696020025,0.047293896606566056,0.022338076841665066,0.02078328069106531,0.03312354500616005,,0.6666666667,1,0,0.3333333333,0.6666666667,0.6666666667,0.3333333333,0,35.08821286,0.45,-0.35,0.1,23.66666667,0.926,0.1833333333,0,2576.537786,3038.728371,0,35.08821286,0,30,10,-1,0,0.1,2.5,0.1,0.926,23.66666667,0.45,0.1833333333,60,0.39,140,0,0.06792060298,1.1e-09,50,17.5,25.66666667,-0.35
00046,glassy_pc,CDP_drucker_prager_unified,morris,5,0,,0,OK,OK,Design_00046_Results.csv,0.01,5000.0,2.77577e-07,0.01,0.04,progressive,2.0,2636.0,0.0568383589027107,0.9777473731220365,1.0694714113687973,1.2578799724578857,0.03337177599555415,0.7800304889678955,1.9359949516492918,0.0006286940710343423,6.371273517608643,2.8961610794067383,0.36111675475854177,0.06579499566990761,0.02145328469589685,0.01808278393011269,0.031025135457315056,,0.6666666667,0.3333333333,1,0,0.3333333333,0.6666666667,0.3333333333,0.6666666667,35.08821286,0.15,0.35,0.05,12.33333333,0.926,0.1833333333,0.6333333333,2576.537786,3038.728371,17.5,35.08821286,0.1161111111,30,20,1,0,0.05,2.5,0.05,0.926,12.33333333,0.15,0.1833333333,60,0.39,140,0.6333333333,0.135841206,1.1e-09,50,0,9.411111111,0.35
00047,glassy_pc,CDP_drucker_prager_unified,morris,5,1,h,1,OK,OK,Design_00047_Results.csv,0.01,5000.0,2.77577e-07,0.01,0.04,progressive,2.0,2777.0,0.056586160506504266,0.9777473731220365,0.9494636553000011,1.2561379671096802,0.059462418748954304,0.7559897899627686,1.6404468448074065,0.000995993219257505,6.7721123695373535,2.905977964401245,0.3482370247311575,0.05758641328235069,0.01996904081865587,0.015094015376367745,0.02398489516831255,,0.6666666667,1,1,0,0.3333333333,0.6666666667,0.3333333333,0.6666666667,35.08821286,0.45,0.35,0.05,12.33333333,0.926,0.1833333333,0.6333333333,2576.537786,3038.728371,17.5,35.08821286,0.1161111111,30,20,1,0,0.05,2.5,0.05,0.926,12.33333333,0.45,0.1833333333,60,0.39,140,0.6333333333,0.135841206,1.1e-09,50,0,9.411111111,0.35
00048,glassy_pc,CDP_drucker_prager_unified,morris,5,2,beta,1,OK,OK,Design_00048_Results.csv,0.01,5000.0,2.77577e-07,0.01,0.04,progressive,2.0,2728.0,0.05994949137583728,0.9777473731220365,1.1822212976986544,1.253946304321289,0.24975085831511842,0.7211547493934631,2.2937811416708116,0.0038187692502036487,7.330646514892578,2.984243631362915,0.3100501055607882,0.06384713736067375,0.017801951743252168,0.01149325649584953,0.01695682561289655,,0.6666666667,1,1,0,1,0.6666666667,0.3333333333,0.6666666667,35.08821286,0.45,0.35,0.05,35,0.926,0.1833333333,0.6333333333,2576.537786,3038.728371,17.5,35.08821286,0.1161111111,30,20,1,0,0.05,2.5,0.05,0.926,35,0.45,0.1833333333,60,0.39,140,0.6333333333,0.135841206,1.1e-09,50,0,9.411111111,0.35
00049,glassy_pc,CDP_drucker_prager_unified,morris,5,3,mu_eff,1,OK,OK,Design_00049_Results.csv,0.01,5000.0,2.77577e-07,0.01,0.04,progressive,2.0,3296.0,0.043742494159172036,0.8836895478582798,1.305951227472874,2.4428210258483887,0.11525631472445556,1.294250249862671,2.4710280805049103,0.0028090736829890274,7.087912559509277,5.5197625160217285,0.6606830707454722,0.07528633005669247,0.019344437799532443,0.016034837489780206,0.02964752926766226,,0.6666666667,1,1,0,1,0.6666666667,1,0.6666666667,35.08821286,0.45,0.35,0.05,35,0.926,0.45,0.6333333333,2576.537786,3038.728371,17.5,35.08821286,0.285,30,20,1,0,0.05,2.5,0.05,0.926,35,0.45,0.45,60,0.39,140,0.6333333333,0.135841206,1.1e-09,50,0,23.1,0.35
00050,glassy_pc,CDP_drucker_prager_unified,morris,5,4,X,-1,OK,OK,Design_00050_Results.csv,0.01,5000.0,4.7465e-07,0.01,0.04,progressive,2.0,1514.0,3.201051829323573,14.287951576383215,0.8569120141682389,1.1188087463378906,0.04013895663705424,0.3739454746246338,2.902621752776272,0.016194193368332194,4.106264591217041,2.7317264080047607,0.5752079245128716,0.046555724853736165,0.005318108422168632,0.008902221028870637,0.013675726101146052,,0,1,1,0,1,0.6666666667,1,0.6666666667,12,0.45,0.35,0.05,35,0.926,0.45,0.6333333333,881.1635278,1039.230485,17.5,12,0.285,30,20,1,0,0.05,2.5,0.05,0.926,35,0.45,0.45,60,0.39,140,0.6333333333,0.3972020958,1.1e-09,50,0,23.1,0.35
00051,glassy_pc,CDP_drucker_prager_unified,morris,5,5,phi,-1,OK,OK,Design_00051_Results.csv,0.01,5000.0,4.7465e-07,0.01,0.04,progressive,2.0,1547.0,3.0929103455692912,14.287951576383215,0.8803764195789484,1.0228136777877808,0.06451917649487185,0.2898426949977875,2.4470162484587674,0.012893131055082782,4.0274658203125,2.3275275230407715,0.5462948334734198,0.021241796892996725,0.004474986520923955,0.007169416353157863,0.008715146241995065,,0,1,1,0,1,0.6666666667,1,0,12,0.45,0.35,0.05,35,0.926,0.45,0,881.1635278,1039.230485,17.5,12,0,30,20,1,0,0.05,2.5,0.05,0.926,35,0.45,0.45,60,0.39,140,0,0.3972020958,1.1e-09,50,0,63,0.35
00052,glassy_pc,CDP_drucker_prager_unified,morris,5,6,K,-1,OK,OK,Design_00052_Results.csv,0.01,5000.0,4.7465e-07,0.01,0.04,progressive,2.0,1322.0,2.864144654736898,14.287951576383215,0.8988081384324929,1.0557246208190918,0.037058310919302714,0.3347910940647125,2.50961188581604,0.012269157801758768,4.1774067878723145,2.4305789470672607,0.551948431991231,0.021297772689992365,0.004717761529586384,0.00744047749013328,0.013243491181391667,,0,1,1,0,1,0,1,0,12,0.45,0.35,0.05,35,0.778,0.45,0,881.1635278,1039.230485,17.5,12,0,30,20,1,0,0.05,2.5,0.05,0.778,35,0.45,0.45,60,0.39,140,0,0.3972020958,1.1e-09,50,0,63,0.35
00053,glassy_pc,CDP_drucker_prager_unified,morris,5,7,eps_c,1,OK,OK,Design_00053_Results.csv,0.01,5000.0,4.7465e-07,0.01,0.04,progressive,2.0,1508.0,2.8548914543341812,14.287951576383215,0.9033459726688995,1.1096529960632324,0.03699262196775315,0.4016106426715851,2.5489464189718496,0.01344801384827447,4.106995582580566,2.5400052070617676,0.5829304236527337,0.01885037324606958,0.0055218388570834435,0.008378879630176268,0.015565529593760973,,0,1,1,0.6666666667,1,0,1,0,12,0.45,0.35,0.15,35,0.778,0.45,0,881.1635278,1039.230485,17.5,12,0,30,6.666666667,1,0,0.15,2.5,0.15,0.778,35,0.45,0.45,60,0.39,140,0,0.1324006986,1.1e-09,50,0,63,0.35
00054,glassy_pc,CDP_drucker_prager_unified,morris,5,8,w,-1,OK,OK,Design_00054_Results.csv,0.01,5000.0,4.7465e-07,0.01,0.04,progressive,2.0,1552.0,2.7381524197342633,14.287951576383215,1.1438793614642033,1.3017266988754272,0.35617575042297506,0.6230947971343994,2.5969886351928975,0.006339962867727368,3.899190664291382,2.9981815814971924,0.6952836065394589,0.03513839095582909,0.008375797754292457,0.011462232833661226,0.02938703155987913,,0,1,0.3333333333,0.6666666667,1,0,1,0,12,0.45,-0.1166666667,0.15,35,0.778,0.45,0,881.1635278,1039.230485,0,12,0,30,6.666666667,-1,0,0.15,2.5,0.15,0.778,35,0.45,0.45,60,0.39,140,0,0.0441335662,1.1e-09,50,5.833333333,63,-0.1166666667
00055,glassy_pc,CDP_drucker_prager_unified,morris,6,0,,0,OK,OK,Design_00055_Results.csv,0.01,5000.0,2.77577e-07,0.01,0.04,progressive,2.0,3382.0,0.05539048844354189,0.9362135435707096,1.265575564209648,0.7275732159614563,0.3518532066079047,0.5967106819152832,2.683101891239146,0.0026239658061189422,6.906621932983398,1.803240180015564,0.17557944825017047,0.0577888417793152,0.018489984255385623,0.011675460488340592,0.016674685727040558,,0.6666666667,0,0.6666666667,0,1,0,0,0.3333333333,35.08821286,0,0.1166666667,0.05,35,0.778,0.05,0.3166666667,2576.537786,3038.728371,5.833333333,35.08821286,0.01583333333,30,20,1,0,0.05,2.5,0.05,0.778,35,0,0.05,60,0.39,140,0.3166666667,0.04528040199,1.1e-09,50,0,4.783333333,0.1166666667
00056,glassy_pc,CDP_drucker_prager_unified,morris,6,1,X,-1,OK,OK,Design_00056_Results.csv,0.01,5000.0,4.7465e-07,0.01,0.04,progressive,2.0,1499.0,0.16595358978088565,2.0488483081971687,0.5181444897059938,0.20413246750831604,0.056605916681521665,0.1096542552113533,3.414237793247409,0.004302350965824294,4.000490665435791,0.42039695382118225,0.09079522175419455,0.012915115397581306,0.004560652701483484,0.0021024892443380055,0.0025207258268776147,,0,0,0.6666666667,0,1,0,0,0.3333333333,12,0,0.1166666667,0.05,35,0.778,0.05,0.3166666667,881.1635278,1039.230485,5.833333333,12,0.01583333333,30,20,1,0,0.05,2.5,0.05,0.778,35,0,0.05,60,0.39,140,0.3166666667,0.1324006986,1.1e-09,50,0,4.783333333,0.1166666667
00057,glassy_pc,CDP_drucker_prager_unified,morris,6,2,phi,1,OK,OK,Design_00057_Results.csv,0.01,5000.0,4.7465e-07,0.01,0.04,progressive,2.0,1494.0,0.1294031318859214,2.0464172317710205,0.5044134809961732,0.1921042650938034,0.060947188618216755,0.1100723147392273,3.646170794930987,0.0038720904047464624,3.9935665130615234,0.42089343070983887,0.08102122900661096,0.020089360728461597,0.0045841219995170586,0.0021233031967558057,0.0025864566986106385,,0,0,0.6666666667,0,1,0,0,1,12,0,0.1166666667,0.05,35,0.778,0.05,0.95,881.1635278,1039.230485,5.833333333,12,0.0475,30,20,1,0,0.05,2.5,0.05,0.778,35,0,0.05,60,0.39,140,0.95,0.1324006986,1.1e-09,50,0,0.35,0.1166666667
00058,glassy_pc,CDP_drucker_prager_unified,morris,6,3,w,-1,OK,OK,Design_00058_Results.csv,0.01,5000.0,4.7465e-07,0.01,0.04,progressive,2.0,1341.0,0.1294031318859214,2.0464172317710205,0.8909435865144458,0.22789445519447327,0.20838185537113293,0.156049907207489,3.3981759397212112,0.006929364697950335,3.391444206237793,0.5506157875061035,0.10834058276490303,0.03938841107474239,0.009332138746916558,0.005040625614428762,0.0063913052029192004,,0,0,0,0,1,0,0,1,12,0,-0.35,0.05,35,0.778,0.05,0.95,881.1635278,1039.230485,0,12,0.0475,30,20,-1,0,0.05,2.5,0.05,0.778,35,0,0.05,60,0.39,140,0.95,0.3972020958,1.1e-09,50,17.5,0.35,-0.35
00059,glassy_pc,CDP_drucker_prager_unified,morris,6,4,mu_eff,1,OK,OK,Design_00059_Results.csv,0.01,5000.0,4.7465e-07,0.01,0.04,progressive,2.0,2174.0,0.5114175957247857,1.8923644123479646,2.6310145980045316,0.7678757905960083,1.8331194720945372,0.3979196846485138,3.869487492953793,0.0017860839192767773,2.7802679538726807,1.622586965560913,0.46252550493809935,0.08299799367366437,0.01894960706449463,0.011716354906882427,0.046469623545208394,,0,0,0,0,1,0,0.6666666667,1,12,0,-0.35,0.05,35,0.778,0.3166666667,0.95,881.1635278,1039.230485,0,12,0.3008333333,30,20,-1,0,0.05,2.5,0.05,0.778,35,0,0.3166666667,60,0.39,140,0.95,0.3972020958,1.1e-09,50,17.5,2.216666667,-0.35
00060,glassy_pc,CDP_drucker_prager_unified,morris,6,5,h,1,OK,OK,Design_00060_Results.csv,0.01,5000.0,4.7465e-07,0.01,0.04,progressive,2.0,1598.0,0.5051475683801538,1.8923644123479646,1.122931223380912,0.8385250568389893,0.12929969620665624,0.4151536524295807,2.399028146341699,0.004876840098115872,3.3537354469299316,2.0532495975494385,0.4660165208091076,0.08635247313071916,0.012886813664257183,0.012776179762920392,0.03129984558412019,,0,0.6666666667,0,0,1,0,0.6666666667,1,12,0.3,-0.35,0.05,35,0.778,0.3166666667,0.95,881.1635278,1039.230485,0,12,0.3008333333,30,20,-1,0,0.05,2.5,0.05,0.778,35,0.3,0.3166666667,60,0.39,140,0.95,0.3972020958,1.1e-09,50,17.5,2.216666667,-0.35
00061,glassy_pc,CDP_drucker_prager_unified,morris,6,6,eps_c,1,OK,OK,Design_00061_Results.csv,0.01,5000.0,4.7465e-07,0.01,0.04,progressive,2.0,1600.0,0.5494009165051413,1.8923644123479646,1.0476819276056002,0.817377507686615,0.033993639687080864,0.37536320090293884,2.2264492917433043,0.002638778631322067,3.483442544937134,2.010363817214966,0.44428545795394303,0.0770105825349569,0.011292989680250528,0.011427403814173023,0.029127138974827316,,0,0.6666666667,0,0.6666666667,1,0,0.6666666667,1,12,0.3,-0.35,0.15,35,0.778,0.3166666667,0.95,881.1635278,1039.230485,0,12,0.3008333333,30,6.666666667,-1,0,0.15,2.5,0.15,0.778,35,0.3,0.3166666667,60,0.39,140,0.95,0.1324006986,1.1e-09,50,17.5,2.216666667,-0.35
00062,glassy_pc,CDP_drucker_prager_unified,morris,6,7,beta,-1,OK,OK,Design_00062_Results.csv,0.01,5000.0,4.7465e-07,0.01,0.04,progressive,2.0,1962.0,0.2787320258019416,1.8923644123479646,1.4941703253355858,0.9166566729545593,0.3402234317473101,0.5090295076370239,3.179018449702701,0.002416866182080295,3.357361316680908,2.1965818405151367,0.5203674390666418,0.09163900360621526,0.015502726224200264,0.014744406609678507,0.04188511568042763,,0,0.6666666667,0,0.6666666667,0.3333333333,0,0.6666666667,1,12,0.3,-0.35,0.15,12.33333333,0.778,0.3166666667,0.95,881.1635278,1039.230485,0,12,0.3008333333,30,6.666666667,-1,0,0.15,2.5,0.15,0.778,12.33333333,0.3,0.3166666667,60,0.39,140,0.95,0.1324006986,1.1e-09,50,17.5,2.216666667,-0.35
00063,glassy_pc,CDP_drucker_prager_unified,morris,6,8,K,1,OK,OK,Design_00063_Results.csv,0.01,5000.0,4.7465e-07,0.01,0.04,progressive,2.0,1964.0,0.2787320258019416,1.8923644123479646,1.218233400934203,0.8503418564796448,0.19017277626843943,0.437275230884552,2.7795593083285595,0.0018742889780399331,3.257546901702881,2.001173496246338,0.495886403723916,0.08048137544073776,0.015623332663158324,0.016179480523425722,0.0328758485103438,,0,0.6666666667,0,0.6666666667,0.3333333333,0.6666666667,0.6666666667,1,12,0.3,-0.35,0.15,12.33333333,0.926,0.3166666667,0.95,881.1635278,1039.230485,0,12,0.3008333333,30,6.666666667,-1,0,0.15,2.5,0.15,0.926,12.33333333,0.3,0.3166666667,60,0.39,140,0.95,0.1324006986,1.1e-09,50,17.5,2.216666667,-0.35
00064,glassy_pc,CDP_drucker_prager_unified,morris,7,0,,0,OK,OK,Design_00064_Results.csv,0.01,5000.0,3.62976e-07,0.01,0.04,progressive,2.0,1834.0,0.10283848374036458,1.2041146550303028,0.9336205426635811,0.7815245389938354,0.17205128912065965,0.37118470668792725,2.088749968921139,0.00637153162638825,5.463098526000977,1.8848036527633667,0.27169532955791265,0.03781202863362906,0.011784722627408487,0.008106263935632217,0.01162987365454016,,0.3333333333,0,1,1,1,0,0.3333333333,0.3333333333,20.51971136,0,0.35,0.2,35,0.778,0.1833333333,0.3166666667,1506.768438,1777.059132,17.5,20.51971136,0.05805555556,30,5,1,0,0.2,2.5,0.2,0.778,35,0,0.1833333333,60,0.39,140,0.3166666667,0.05807129869,1.1e-09,50,0,17.53888889,0.35
00066,glassy_pc,CDP_drucker_prager_unified,morris,7,2,X,1,OK,OK,Design_00066_Results.csv,0.01,5000.0,2.1227e-07,0.01,0.04,progressive,2.0,7747.0,0.03227942719028501,0.647459638784527,4.989711984444892,2.2822587490081787,2.9892887945421083,1.6363507509231567,3.5829475401742514,0.0007154422695051248,4.359811782836914,4.332650184631348,0.7806154070698436,0.11592918583489004,0.029020135442419083,0.018282513696018948,0.07388085394359252,,1,0,1,1,1,0,1,0.3333333333,60,0,0.35,0.2,35,0.778,0.45,0.3166666667,4405.817639,5196.152423,17.5,60,0.1425,30,5,1,0,0.2,2.5,0.2,0.778,35,0,0.45,60,0.39,140,0.3166666667,0.01986010479,1.1e-09,50,0,43.05,0.35
00070,glassy_pc,CDP_drucker_prager_unified,morris,7,6,h,1,OK,OK,Design_00070_Results.csv,0.01,5000.0,2.1227e-07,0.01,0.04,progressive,2.0,3684.0,0.029548952157183894,0.627673895404588,2.1536250187007626,3.003633499145508,0.20291077463186666,1.8708305358886719,3.757800400011049,0.0010049729083864872,6.604318141937256,6.487144947052002,0.8338668973697881,0.10859551545415058,0.026787414174178032,0.016978778427574476,0.05696597429151887,,1,0.6666666667,1,0.3333333333,0.3333333333,0,1,1,60,0.3,0.35,0.1,12.33333333,0.778,0.45,0.95,4405.817639,5196.152423,17.5,60,0.4275,30,10,1,0,0.1,2.5,0.1,0.778,12.33333333,0.3,0.45,60,0.39,140,0.95,0.03972020958,1.1e-09,50,0,3.15,0.35
00071,glassy_pc,CDP_drucker_prager_unified,morris,7,7,K,1,OK,OK,Design_00071_Results.csv,0.01,5000.0,2.1227e-07,0.01,0.04,progressive,2.0,4351.0,0.02918738494201963,0.627673895404588,2.0781645035055765,2.8379085063934326,0.40474995654475476,1.6792405843734741,3.6914227915179056,0.0008617124043397545,6.331373691558838,5.97473669052124,0.8053579198481785,0.10073943890626968,0.02670622780196369,0.02022844156045258,0.047353010276051176,,1,0.6666666667,1,0.3333333333,0.3333333333,0.6666666667,1,1,60,0.3,0.35,0.1,12.33333333,0.926,0.45,0.95,4405.817639,5196.152423,17.5,60,0.4275,30,10,1,0,0.1,2.5,0.1,0.926,12.33333333,0.3,0.45,60,0.39,140,0.95,0.03972020958,1.1e-09,50,0,3.15,0.35
00072,glassy_pc,CDP_drucker_prager_unified,morris,7,8,w,-1,OK,OK,Design_00072_Results.csv,0.01,5000.0,2.1227e-07,0.01,0.04,progressive,2.0,4749.0,0.03397719612197033,0.627673895404588,3.0409628951650123,2.314542770385742,0.21565257935396093,1.4358035326004028,3.703525202577366,0.0011717127350918208,5.205744743347168,5.1942219734191895,0.8415672914305963,0.10196056819899581,0.02792977619554289,0.02220155885129841,0.056105100974965474,,1,0.6666666667,0.3333333333,0.3333333333,0.3333333333,0.6666666667,1,1,60,0.3,-0.1166666667,0.1,12.33333333,0.926,0.45,0.95,4405.817639,5196.152423,0,60,0.4275,30,10,-1,0,0.1,2.5,0.1,0.926,12.33333333,0.3,0.45,60,0.39,140,0.95,0.01324006986,1.1e-09,50,5.833333333,3.15,-0.1166666667
00073,glassy_pc,CDP_drucker_prager_unified,morris,8,0,,0,OK,OK,Design_00073_Results.csv,0.01,5000.0,3.62976e-07,0.01,0.04,progressive,2.0,2802.0,0.13075175191185603,7.0675643517082944,2.0979608411817763,1.6695747375488281,1.013083437126573,1.0540618896484375,3.5849828062845437,0.0007723680469791978,3.6437506675720215,3.3865628242492676,0.9033452291009814,0.06036170428064194,0.022300398580802176,0.019309886051212456,0.059902301289874046,,0.3333333333,0.6666666667,0,1,0,0.3333333333,0.6666666667,0,20.51971136,0.3,-0.35,0.2,1,0.852,0.3166666667,0,1506.768438,1777.059132,0,20.51971136,0,30,5,-1,0,0.2,2.5,0.2,0.852,1,0.3,0.3166666667,60,0.39,140,0,0.05807129869,1.1e-09,50,17.5,44.33333333,-0.35
00074,glassy_pc,CDP_drucker_prager_unified,morris,8,1,mu_eff,-1,OK,OK,Design_00074_Results.csv,0.01,5000.0,3.62976e-07,0.01,0.04,progressive,2.0,2615.0,0.10186353823392756,1.224704638319094,1.475520050893522,0.5102395415306091,0.06193088955316218,0.3780704736709595,2.903702999124223,0.0009898953479775764,4.039490222930908,1.1622657775878906,0.22050768793263933,0.053705970098077385,0.01978571263521351,0.018607917517709356,0.02742165373822429,,0.3333333333,0.6666666667,0,1,0,0.3333333333,0,0,20.51971136,0.3,-0.35,0.2,1,0.852,0.05,0,1506.768438,1777.059132,0,20.51971136,0,30,5,-1,0,0.2,2.5,0.2,0.852,1,0.3,0.05,60,0.39,140,0,0.05807129869,1.1e-09,50,17.5,7,-0.35
00075,glassy_pc,CDP_drucker_prager_unified,morris,8,2,h,-1,OK,OK,Design_00075_Results.csv,0.01,5000.0,3.62976e-07,0.01,0.04,progressive,2.0,3628.0,0.0990852564269495,1.224704638319094,4.309017050852048,0.46971502900123596,3.182360160074655,0.3253224492073059,5.238184997659732,0.0011455340880100508,3.176050901412964,0.9990301132202148,0.22939425161256233,0.06390158750882993,0.023663049254301318,0.021217071147373034,0.04195263754149392,,0.3333333333,0,0,1,0,0.3333333333,0,0,20.51971136,0,-0.35,0.2,1,0.852,0.05,0,1506.768438,1777.059132,0,20.51971136,0,30,5,-1,0,0.2,2.5,0.2,0.852,1,0,0.05,60,0.39,140,0,0.05807129869,1.1e-09,50,17.5,7,-0.35
00076,glassy_pc,CDP_drucker_prager_unified,morris,8,3,K,1,OK,OK,Design_00076_Results.csv,0.01,5000.0,3.62976e-07,0.01,0.04,progressive,2.0,2804.0,0.09956173147517995,1.224704638319094,3.5820691675150966,0.46438780426979065,2.85304265540532,0.31942710280418396,5.223367983186531,0.001550343348317394,3.2139317989349365,0.9799613356590271,0.22559164724253486,0.062489960037165115,0.02336480098862858,0.02011893346607524,0.038123763140553206,,0.3333333333,0,0,1,0,1,0,0,20.51971136,0,-0.35,0.2,1,1,0.05,0,1506.768438,1777.059132,0,20.51971136,0,30,5,-1,0,0.2,2.5,0.2,1,1,0,0.05,60,0.39,140,0,0.05807129869,1.1e-09,50,17.5,7,-0.35
00077,glassy_pc,CDP_drucker_prager_unified,morris,8,4,phi,1,OK,OK,Design_00077_Results.csv,0.01,5000.0,3.62976e-07,0.01,0.04,progressive,2.0,3061.0,0.08805889798158383,1.290021072802206,3.171476895544223,0.4192585051059723,2.162145282254788,0.3108248710632324,5.229088577102855,0.0011199164545316386,3.3033976554870605,0.8976148962974548,0.19858326402518275,0.057941041205043134,0.023180652203769393,0.020473394424355914,0.03365619767358202,,0.3333333333,0,0,1,0,1,0,0.6666666667,20.51971136,0,-0.35,0.2,1,1,0.05,0.6333333333,1506.768438,1777.059132,0,20.51971136,0.03166666667,30,5,-1,0,0.2,2.5,0.2,1,1,0,0.05,60,0.39,140,0.6333333333,0.05807129869,1.1e-09,50,17.5,2.566666667,-0.35
00078,glassy_pc,CDP_drucker_prager_unified,morris,8,5,X,1,OK,OK,Design_00078_Results.csv,0.01,5000.0,2.1227e-07,0.01,0.04,progressive,2.0,5002.0,0.04880484464663848,0.6570806468738035,7.754790430511934,0.6388595700263977,2.144691728900659,0.5156658887863159,4.109514721804841,0.00031492918304606375,3.7491636276245117,1.2763179540634155,0.25685021882460196,0.06213393753352283,0.02890768616879037,0.027325483970842133,0.04874604309388877,,1,0,0,1,0,1,0,0.6666666667,60,0,-0.35,0.2,1,1,0.05,0.6333333333,4405.817639,5196.152423,0,60,0.03166666667,30,5,-1,0,0.2,2.5,0.2,1,1,0,0.05,60,0.39,140,0.6333333333,0.01986010479,1.1e-09,50,17.5,2.566666667,-0.35
00079,glassy_pc,CDP_drucker_prager_unified,morris,8,6,w,1,OK,OK,Design_00079_Results.csv,0.01,5000.0,2.1227e-07,0.01,0.04,progressive,2.0,4135.0,0.04206984513266834,0.6570806468738035,2.3932897389750147,0.8385520577430725,0.2509572490990377,0.695591151714325,3.7189312306745625,0.00031301793892629464,5.304960250854492,1.8025281429290771,0.2514919003435015,0.06388867163284491,0.027310401871792095,0.024692534351675254,0.036171770391145636,,1,0,0.6666666667,1,0,1,0,0.6666666667,60,0,0.1166666667,0.2,1,1,0.05,0.6333333333,4405.817639,5196.152423,5.833333333,60,0.03166666667,30,5,1,0,0.2,2.5,0.2,1,1,0,0.05,60,0.39,140,0.6333333333,0.00662003493,1.1e-09,50,0,2.566666667,0.1166666667
00080,glassy_pc,CDP_drucker_prager_unified,morris,8,7,beta,1,OK,OK,Design_00080_Results.csv,0.01,5000.0,2.1227e-07,0.01,0.04,progressive,2.0,3402.0,0.03191253025919621,0.6570806468738035,1.617166927072499,0.978417694568634,0.1631544079012496,0.8271174430847168,2.2404409804981684,0.00044051781789701083,6.8373565673828125,2.1948108673095703,0.23229472203802654,0.06471285860950719,0.025607310931545172,0.020234653405365642,0.027079341915811846,,1,0,0.6666666667,1,0.6666666667,1,0,0.6666666667,60,0,0.1166666667,0.2,23.66666667,1,0.05,0.6333333333,4405.817639,5196.152423,5.833333333,60,0.03166666667,30,5,1,0,0.2,2.5,0.2,1,23.66666667,0,0.05,60,0.39,140,0.6333333333,0.00662003493,1.1e-09,50,0,2.566666667,0.1166666667
00081,glassy_pc,CDP_drucker_prager_unified,morris,8,8,eps_c,-1,OK,OK,Design_00081_Results.csv,0.01,5000.0,2.1227e-07,0.01,0.04,progressive,2.0,3389.0,0.03102797478788766,0.6570806468738035,1.5759278714004712,0.9863136410713196,0.1540695757819096,0.8347027897834778,2.129329941380613,0.0005053564759842156,6.944672107696533,2.2218854427337646,0.2327045990871942,0.06338232595193924,0.02530547951837641,0.020043471449816275,0.027377609571742553,,1,0,0.6666666667,0.3333333333,0.6666666667,1,0,0.6666666667,60,0,0.1166666667,0.1,23.66666667,1,0.05,0.6333333333,4405.817639,5196.152423,5.833333333,60,0.03166666667,30,10,1,0,0.1,2.5,0.1,1,23.66666667,0,0.05,60,0.39,140,0.6333333333,0.01324006986,1.1e-09,50,0,2.566666667,0.1166666667
00082,glassy_pc,CDP_drucker_prager_unified,morris,9,0,,0,OK,OK,Design_00082_Results.csv,0.01,5000.0,2.1227e-07,0.01,0.04,progressive,2.0,4645.0,0.03325161246761367,0.647459638784527,2.6399761099693366,2.5017004013061523,0.35485915876433305,1.6670801639556885,3.3571869414075737,0.00031629689902104525,4.588290214538574,4.879836559295654,0.9228784850028917,0.09804325628057903,0.028646183893312097,0.019991160401689884,0.06095784501734877,,1,0.3333333333,1,1,0.3333333333,0.3333333333,1,0,60,0.15,0.35,0.2,12.33333333,0.852,0.45,0,4405.817639,5196.152423,17.5,60,0,30,5,1,0,0.2,2.5,0.2,0.852,12.33333333,0.15,0.45,60,0.39,140,0,0.01986010479,1.1e-09,50,0,63,0.35
00083,glassy_pc,CDP_drucker_prager_unified,morris,9,1,K,1,OK,OK,Design_00083_Results.csv,0.01,5000.0,2.1227e-07,0.01,0.04,progressive,2.0,5216.0,0.029496694526230514,0.647459638784527,2.4179951043780528,2.444748640060425,0.6623558978130917,1.5343728065490723,3.0387021298673234,0.0004919413565069848,4.8312578201293945,4.838018894195557,0.8781240721446025,0.08797697893109152,0.028292409933747466,0.0231293187815045,0.050934357071315155,,1,0.3333333333,1,1,0.3333333333,1,1,0,60,0.15,0.35,0.2,12.33333333,1,0.45,0,4405.817639,5196.152423,17.5,60,0,30,5,1,0,0.2,2.5,0.2,1,12.33333333,0.15,0.45,60,0.39,140,0,0.01986010479,1.1e-09,50,0,63,0.35
00084,glassy_pc,CDP_drucker_prager_unified,morris,9,2,X,-1,OK,OK,Design_00084_Results.csv,0.01,5000.0,3.62976e-07,0.01,0.04,progressive,2.0,2394.0,0.4390614744739712,8.572451595755586,1.2540053974517418,1.8834474086761475,0.6169442872313317,1.1245616674423218,3.065118167965041,0.0015615665079788859,4.291889667510986,4.085899353027344,0.8495198277096686,0.09172198293258664,0.021428364554870828,0.020898385404755873,0.04223681559585316,,0.3333333333,0.3333333333,1,1,0.3333333333,1,1,0,20.51971136,0.15,0.35,0.2,12.33333333,1,0.45,0,1506.768438,1777.059132,17.5,20.51971136,0,30,5,1,0,0.2,2.5,0.2,1,12.33333333,0.15,0.45,60,0.39,140,0,0.05807129869,1.1e-09,50,0,63,0.35
00085,glassy_pc,CDP_drucker_prager_unified,morris,9,3,mu_eff,-1,OK,OK,Design_00085_Results.csv,0.01,5000.0,3.62976e-07,0.01,0.04,progressive,2.0,2175.0,0.09784641371852826,1.2041146550303028,0.8387059785550842,0.8548210859298706,0.021174754652889604,0.4411686956882477,1.6909613839343924,0.002807881932734064,4.900745391845703,1.9618971347808838,0.3330048280533021,0.04006152916719799,0.016465709244292352,0.01280713081234093,0.018672449958164968,,0.3333333333,0.3333333333,1,1,0.3333333333,1,0.3333333333,0,20.51971136,0.15,0.35,0.2,12.33333333,1,0.1833333333,0,1506.768438,1777.059132,17.5,20.51971136,0,30,5,1,0,0.2,2.5,0.2,1,12.33333333,0.15,0.1833333333,60,0.39,140,0,0.05807129869,1.1e-09,50,0,25.66666667,0.35
00086,glassy_pc,CDP_drucker_prager_unified,morris,9,4,beta,1,OK,OK,Design_00086_Results.csv,0.01,5000.0,3.62976e-07,0.01,0.04,progressive,2.0,1772.0,0.10044600788076458,1.2041146550303028,0.8134587005381457,0.7183286547660828,0.1367785111547846,0.3325325846672058,2.0692753704812366,0.006944779514133016,5.486196994781494,1.6514196395874023,0.2526669929245064,0.024064409994001237,0.011302954315127388,0.0067096763970578245,0.00781170559022426,,0.3333333333,0.3333333333,1,1,1,1,0.3333333333,0,20.51971136,0.15,0.35,0.2,35,1,0.1833333333,0,1506.768438,1777.059132,17.5,20.51971136,0,30,5,1,0,0.2,2.5,0.2,1,35,0.15,0.1833333333,60,0.39,140,0,0.05807129869,1.1e-09,50,0,25.66666667,0.35
00087,glassy_pc,CDP_drucker_prager_unified,morris,9,5,h,1,OK,OK,Design_00087_Results.csv,0.01,5000.0,3.62976e-07,0.01,0.04,progressive,2.0,1938.0,0.09961194375484522,1.2041146550303028,0.7970628845544371,0.7148391008377075,0.13186092357131363,0.32968753576278687,2.0317703551902313,0.006849187129103782,5.541751861572266,1.640385389328003,0.25090063278644353,0.022456067890386202,0.011068703748109048,0.00642486078890908,0.007526392722391865,,0.3333333333,1,1,1,1,1,0.3333333333,0,20.51971136,0.45,0.35,0.2,35,1,0.1833333333,0,1506.768438,1777.059132,17.5,20.51971136,0,30,5,1,0,0.2,2.5,0.2,1,35,0.45,0.1833333333,60,0.39,140,0,0.05807129869,1.1e-09,50,0,25.66666667,0.35
00088,glassy_pc,CDP_drucker_prager_unified,morris,9,6,eps_c,-1,OK,OK,Design_00088_Results.csv,0.01,5000.0,3.62976e-07,0.01,0.04,progressive,2.0,1624.0,0.10409699118920947,1.2041146550303028,0.7488249355640691,0.6987167000770569,0.11607224887888877,0.3153515160083771,2.0281805477251864,0.006426669493527925,5.6721320152282715,1.60822331905365,0.2412728819679319,0.019916306265223442,0.010256831342264374,0.005767244102996581,0.006832982910048981,,0.3333333333,1,1,0.3333333333,1,1,0.3333333333,0,20.51971136,0.45,0.35,0.1,35,1,0.1833333333,0,1506.768438,1777.059132,17.5,20.51971136,0,30,10,1,0,0.1,2.5,0.1,1,35,0.45,0.1833333333,60,0.39,140,0,0.1161425974,1.1e-09,50,0,25.66666667,0.35
00089,glassy_pc,CDP_drucker_prager_unified,morris,9,7,w,-1,OK,OK,Design_00089_Results.csv,0.01,5000.0,3.62976e-07,0.01,0.04,progressive,2.0,1914.0,0.10429789384594557,1.2041146550303028,1.0041806372937012,0.7871482372283936,0.1573281430266309,0.3940888047218323,2.0770285085228437,0.005856468060658741,4.953043460845947,1.8425683975219727,0.29350591448403535,0.04350759153771645,0.014592440204458552,0.010280423143801374,0.013522139303091084,,0.3333333333,1,0.3333333333,0.3333333333,1,1,0.3333333333,0,20.51971136,0.45,-0.1166666667,0.1,35,1,0.1833333333,0,1506.768438,1777.059132,0,20.51971136,0,30,10,-1,0,0.1,2.5,0.1,1,35,0.45,0.1833333333,60,0.39,140,0,0.03871419913,1.1e-09,50,5.833333333,25.66666667,-0.1166666667
00090,glassy_pc,CDP_drucker_prager_unified,morris,9,8,phi,1,OK,OK,Design_00090_Results.csv,0.01,5000.0,3.62976e-07,0.01,0.04,progressive,2.0,1852.0,0.10671944334783938,1.2492459890110599,1.0699415988413945,0.8228747844696045,0.18897814668421709,0.4195079207420349,2.163988483108385,0.004881666926873355,4.911529064178467,1.9488190412521362,0.30433832550328743,0.058069643538030964,0.015062587103697643,0.011275335349217505,0.015004697688619987,,0.3333333333,1,0.3333333333,0.3333333333,1,1,0.3333333333,0.6666666667,20.51971136,0.45,-0.1166666667,0.1,35,1,0.1833333333,0.6333333333,1506.768438,1777.059132,0,20.51971136,0.1161111111,30,10,-1,0,0.1,2.5,0.1,1,35,0.45,0.1833333333,60,0.39,140,0.6333333333,0.03871419913,1.1e-09,50,5.833333333,9.411111111,-0.1166666667
00013,glassy_pc,CDP_drucker_prager_unified,morris,1,3,mu_eff,1,FAIL,MISSING,,,,,,,,,,,,,,,,,,,,,,,,,no result file produced for this design point,0,0,0,0,0.3333333333,0.6666666667,0.6666666667,1,12,0,-0.35,0.05,12.33333333,0.926,0.3166666667,0.95,881.1635278,1039.230485,0,12,0.3008333333,30,20,-1,0,0.05,2.5,0.05,0.926,12.33333333,0,0.3166666667,60,0.39,140,0.95,0.3972020958,1.1e-09,50,17.5,2.216666667,-0.35
00016,glassy_pc,CDP_drucker_prager_unified,morris,1,6,phi,-1,FAIL,MISSING,,,,,,,,,,,,,,,,,,,,,,,,,no result file produced for this design point,0,0,0,0,1,0,0.6666666667,0.3333333333,12,0,-0.35,0.05,35,0.778,0.3166666667,0.3166666667,881.1635278,1039.230485,0,12,0.1002777778,30,20,-1,0,0.05,2.5,0.05,0.778,35,0,0.3166666667,60,0.39,140,0.3166666667,0.3972020958,1.1e-09,50,17.5,30.29444444,-0.35
00017,glassy_pc,CDP_drucker_prager_unified,morris,1,7,eps_c,1,FAIL,MISSING,,,,,,,,,,,,,,,,,,,,,,,,,no result file produced for this design point,0,0,0,0.6666666667,1,0,0.6666666667,0.3333333333,12,0,-0.35,0.15,35,0.778,0.3166666667,0.3166666667,881.1635278,1039.230485,0,12,0.1002777778,30,6.666666667,-1,0,0.15,2.5,0.15,0.778,35,0,0.3166666667,60,0.39,140,0.3166666667,0.1324006986,1.1e-09,50,17.5,30.29444444,-0.35
00028,glassy_pc,CDP_drucker_prager_unified,morris,3,0,,0,FAIL,MISSING,,,,,,,,,,,,,,,,,,,,,,,,,no result file produced for this design point,1,0.3333333333,0,0,0,0.6666666667,1,0.3333333333,60,0.15,-0.35,0.05,1,0.926,0.45,0.3166666667,4405.817639,5196.152423,0,60,0.1425,30,20,-1,0,0.05,2.5,0.05,0.926,1,0.15,0.45,60,0.39,140,0.3166666667,0.07944041916,1.1e-09,50,17.5,43.05,-0.35
00029,glassy_pc,CDP_drucker_prager_unified,morris,3,1,K,-1,FAIL,MISSING,,,,,,,,,,,,,,,,,,,,,,,,,no result file produced for this design point,1,0.3333333333,0,0,0,0,1,0.3333333333,60,0.15,-0.35,0.05,1,0.778,0.45,0.3166666667,4405.817639,5196.152423,0,60,0.1425,30,20,-1,0,0.05,2.5,0.05,0.778,1,0.15,0.45,60,0.39,140,0.3166666667,0.07944041916,1.1e-09,50,17.5,43.05,-0.35
00037,glassy_pc,CDP_drucker_prager_unified,morris,4,0,,0,FAIL,MISSING,,,,,,,,,,,,,,,,,,,,,,,,,no result file produced for this design point,0,0.3333333333,0.6666666667,1,0,0,1,0.6666666667,12,0.15,0.1166666667,0.2,1,0.778,0.45,0.6333333333,881.1635278,1039.230485,5.833333333,12,0.285,30,5,1,0,0.2,2.5,0.2,0.778,1,0.15,0.45,60,0.39,140,0.6333333333,0.03310017465,1.1e-09,50,0,23.1,0.1166666667
00065,glassy_pc,CDP_drucker_prager_unified,morris,7,1,mu_eff,1,FAIL,MISSING,,,,,,,,,,,,,,,,,,,,,,,,,no result file produced for this design point,0.3333333333,0,1,1,1,0,1,0.3333333333,20.51971136,0,0.35,0.2,35,0.778,0.45,0.3166666667,1506.768438,1777.059132,17.5,20.51971136,0.1425,30,5,1,0,0.2,2.5,0.2,0.778,35,0,0.45,60,0.39,140,0.3166666667,0.05807129869,1.1e-09,50,0,43.05,0.35
00067,glassy_pc,CDP_drucker_prager_unified,morris,7,3,beta,-1,FAIL,MISSING,,,,,,,,,,,,,,,,,,,,,,,,,no result file produced for this design point,1,0,1,1,0.3333333333,0,1,0.3333333333,60,0,0.35,0.2,12.33333333,0.778,0.45,0.3166666667,4405.817639,5196.152423,17.5,60,0.1425,30,5,1,0,0.2,2.5,0.2,0.778,12.33333333,0,0.45,60,0.39,140,0.3166666667,0.01986010479,1.1e-09,50,0,43.05,0.35
00068,glassy_pc,CDP_drucker_prager_unified,morris,7,4,phi,1,FAIL,MISSING,,,,,,,,,,,,,,,,,,,,,,,,,no result file produced for this design point,1,0,1,1,0.3333333333,0,1,1,60,0,0.35,0.2,12.33333333,0.778,0.45,0.95,4405.817639,5196.152423,17.5,60,0.4275,30,5,1,0,0.2,2.5,0.2,0.778,12.33333333,0,0.45,60,0.39,140,0.95,0.01986010479,1.1e-09,50,0,3.15,0.35
00069,glassy_pc,CDP_drucker_prager_unified,morris,7,5,eps_c,-1,FAIL,MISSING,,,,,,,,,,,,,,,,,,,,,,,,,no result file produced for this design point,1,0,1,0.3333333333,0.3333333333,0,1,1,60,0,0.35,0.1,12.33333333,0.778,0.45,0.95,4405.817639,5196.152423,17.5,60,0.4275,30,10,1,0,0.1,2.5,0.1,0.778,12.33333333,0,0.45,60,0.39,140,0.95,0.03972020958,1.1e-09,50,0,3.15,0.35
